DS_t,agent,day
0,big_long,1
0.5337604731394776,H1,1
0,H2,1
0,H5,1
0.26121241991128635,H3,1
0.20502710694923607,H4,1
0,big_short,1
0,big_mid,1
