DS_t,agent,day
0,big_long,1
0.6613427979887607,H1,1
0.20319432120674358,H2,1
0,H5,1
0,H3,1
0.1354628808044957,H4,1
0,big_short,1
0,big_mid,1
