DS_t,agent,day
0,big_long,1
0,H1,1
0.7154835103409726,H2,1
0.28451648965902737,H5,1
0,H3,1
0,H4,1
0,big_short,1
0,big_mid,1
