G_t,HHIplus_t,M_t,Mbar_t,Mpeak_t,S_t,alpha_t,day,delta_t,gross_settled_t,n_creditors,n_debtors,notes,phi_t,v_t
0,0.8187109781477627,26875,4960,4960,4960,0,1,0,4960,2,1,,1,1
0,0.565021160248821,26875,1564,1564,1564,0,3,0,1564,2,1,,1,1
0,0.7925567551234723,26875,4254,4254,4254,0,5,0,4254,2,1,,1,1
0,0.6391985253773744,26875,2117,2117,2117,0,7,0,2117,2,1,,1,1
0,0.6375442640305756,26875,2103,2103,2103,0,9,0,2103,2,1,,1,1
