{
  "dealer_total_pnl": -2.4300156047410875,
  "dealer_total_return": -0.00194401248379287,
  "dealer_profitable": false,
  "dealer_pnl_by_bucket": {
    "short": -0.29640976214243914,
    "mid": -0.7374358886096865,
    "long": -1.396169953988962
  },
  "dealer_return_by_bucket": {
    "short": -0.000711383429141854,
    "mid": -0.0017698461326632474,
    "long": -0.0033508078895735085
  },
  "spread_income_total": 0.9404362087253274,
  "interior_trades": 20,
  "passthrough_trades": 0,
  "mean_trader_return": 0.0,
  "fraction_profitable_traders": 0.0,
  "liquidity_driven_sales": 0,
  "rescue_events": 0,
  "unsafe_buy_count": 0,
  "fraction_unsafe_buys": 0.0,
  "mean_margin_at_default": null,
  "total_trades": 20,
  "total_sell_trades": 20,
  "total_buy_trades": 0
}