G_t,HHIplus_t,M_t,Mbar_t,Mpeak_t,S_t,alpha_t,day,delta_t,gross_settled_t,n_creditors,n_debtors,notes,phi_t,v_t
0,0.07629122932644895,40027,1995,1995,1995,0,1,0,1995,20,20,,1,1
0,0.07210393351353296,40027,1849,1849,1849,0,3,0,1849,20,20,,1,1
0,0.09117260903860946,40027,2474,2013,2474,0,5,0.18633791430881164,2013,20,20,,0.8136620856911884,1
0,0.07847201894372124,40027,1874,1874,1874,0,7,0,1874,20,20,,1,1
0,0.07543409150877642,40027,1751,1751,1751,0,9,0,1751,20,20,,1,1
