{
  "dealer_total_pnl": -3.0486056027175374,
  "dealer_total_return": -0.00030486056027175375,
  "dealer_profitable": false,
  "dealer_pnl_by_bucket": {
    "short": -0.19976010195262298,
    "mid": -0.44932529685966854,
    "long": -2.399520203905246
  },
  "dealer_return_by_bucket": {
    "short": -5.9928030585786893e-05,
    "mid": -0.00013479758905790055,
    "long": -0.0007198560611715738
  },
  "spread_income_total": 0.044181163767246553,
  "interior_trades": 8,
  "passthrough_trades": 0,
  "mean_trader_return": 0.04531077526061765,
  "fraction_profitable_traders": 1.0,
  "liquidity_driven_sales": 0,
  "rescue_events": 0,
  "unsafe_buy_count": 0,
  "fraction_unsafe_buys": 0.0,
  "mean_margin_at_default": null,
  "total_trades": 8,
  "total_sell_trades": 7,
  "total_buy_trades": 1
}