DS_t,agent,day
0,big_long,1
0.5611749680715198,H1,1
0,H2,1
0,H5,1
0,H3,1
0.4388250319284802,H4,1
0,big_short,1
0,big_mid,1
