G_t,HHIplus_t,M_t,Mbar_t,Mpeak_t,S_t,alpha_t,day,delta_t,gross_settled_t,n_creditors,n_debtors,notes,phi_t,v_t
0,0.1946155001904664,15873,5547,4158,14998,0.6301506867582344,1,0.7227630350713429,4158,6,2,,0.2772369649286572,1
