{
  "dealer_total_pnl": -2.601982096850518,
  "dealer_total_return": -0.004163171354960828,
  "dealer_profitable": false,
  "dealer_pnl_by_bucket": {
    "short": -0.19618591934381407,
    "mid": 1.5607245386192754,
    "long": -3.9665207161259795
  },
  "dealer_return_by_bucket": {
    "short": -0.0009416924128503076,
    "mid": 0.007491477785372522,
    "long": -0.019039299437404702
  },
  "spread_income_total": 1.056609693259244,
  "interior_trades": 20,
  "passthrough_trades": 0,
  "mean_trader_return": 0.0,
  "fraction_profitable_traders": 0.0,
  "liquidity_driven_sales": 0,
  "rescue_events": 0,
  "unsafe_buy_count": 0,
  "fraction_unsafe_buys": 0.0,
  "mean_margin_at_default": null,
  "total_trades": 20,
  "total_sell_trades": 20,
  "total_buy_trades": 0
}