G_t,HHIplus_t,M_t,Mbar_t,Mpeak_t,S_t,alpha_t,day,delta_t,gross_settled_t,n_creditors,n_debtors,notes,phi_t,v_t
0,0.08408667180440836,14375,9512,110,14948,0.3636606903933637,1,0.9917714744447418,123,38,65,,0.008228525555258229,1.1181818181818182
