G_t,HHIplus_t,M_t,Mbar_t,Mpeak_t,S_t,alpha_t,day,delta_t,gross_settled_t,n_creditors,n_debtors,notes,phi_t,v_t
0,0.6193117522779155,27500.0,1955,1955,1955,0,1,0,1955,2,1,,1,1
0,0.5570369720626288,27500.0,1510,1510,1510,0,3,0,1510,2,1,,1,1
0,0.7154800003445867,27500.0,2911,2911,2911,0,5,0,2911,2,1,,1,1
0,0.6879781809202773,27500.0,2585,2585,2585,0,7,0,2585,2,1,,1,1
0,0.8480739761476965,27500.0,6037,6037,6037,0,9,0,6037,2,1,,1,1
