DS_t,agent,day
0,big_long,1
0.15089344804765056,H1,1
0.46944628281491285,H2,1
0,H5,1
0.37966026913743656,H3,1
0,H4,1
0,big_short,1
0,big_mid,1
