DS_t,agent,day
0,big_long,1
0.9554976663410398,H1,1
0,H2,1
0.03972647346141322,H5,1
0,H3,1
0.004775860197546945,H4,1
0,big_short,1
0,big_mid,1
