DS_t,agent,day
0,big_long,1
0.02835524865936972,H1,1
0.5189892014985675,H2,1
0,H5,1
0,H3,1
0.45265554984206274,H4,1
0,big_short,1
0,big_mid,1
