G_t,HHIplus_t,M_t,Mbar_t,Mpeak_t,S_t,alpha_t,day,delta_t,gross_settled_t,n_creditors,n_debtors,notes,phi_t,v_t
0,0.07814170949582182,15305,5890,109,14956,0.6061781224926451,1,0.9861594009093341,207,45,58,,0.013840599090665954,1.8990825688073394
