G_t,HHIplus_t,M_t,Mbar_t,Mpeak_t,S_t,alpha_t,day,delta_t,gross_settled_t,n_creditors,n_debtors,notes,phi_t,v_t
2080,0.04800894320721664,3741,5821,1303,9947,0.4147984316879461,1,0.8140142756610034,1850,55,44,,0.18598572433899668,1.419800460475825
