G_t,HHIplus_t,M_t,Mbar_t,Mpeak_t,S_t,alpha_t,day,delta_t,gross_settled_t,n_creditors,n_debtors,notes,phi_t,v_t
0,0.5027464318306892,52250,931,931,931,0,1,0,931,2,1,,1,1
0,0.9727678380386618,52250,507,507,507,0,2,0,507,2,1,,1,1
0,0.7516253926510337,52250,585,585,585,0,8,0,585,2,1,,1,1
0,0.7762671344062673,52250,3896,3896,3896,0,9,0,3896,2,1,,1,1
0,0.8959215931830936,52250,9079,9079,9079,0,10,0,9079,2,1,,1,1
