{
  "dealer_total_pnl": -4.2815714892201076,
  "dealer_total_return": -0.0034252571913760857,
  "dealer_profitable": false,
  "dealer_pnl_by_bucket": {
    "short": -3.4916239257397907,
    "mid": 0.4086158824136863,
    "long": -1.1985634458940024
  },
  "dealer_return_by_bucket": {
    "short": -0.008379897421775499,
    "mid": 0.0009806781177928471,
    "long": -0.002876552270145606
  },
  "spread_income_total": 0.6152441510082706,
  "interior_trades": 20,
  "passthrough_trades": 0,
  "mean_trader_return": 0.0,
  "fraction_profitable_traders": 0.0,
  "liquidity_driven_sales": 0,
  "rescue_events": 0,
  "unsafe_buy_count": 0,
  "fraction_unsafe_buys": 0.0,
  "mean_margin_at_default": null,
  "total_trades": 20,
  "total_sell_trades": 20,
  "total_buy_trades": 0
}