DS_t,agent,day
0.0011926605504587156,H1,1
0.10954128440366973,H4,1
0,big_short,1
0,H3,1
0,big_long,1
0.8892660550458715,H2,1
0,big_mid,1
0,H5,1
