DS_t,agent,day
0,big_long,1
0.41992966002344667,H1,1
0,H2,1
0.05369284876905041,H5,1
0.37819460726846427,H3,1
0.1481828839390387,H4,1
0,big_short,1
0,big_mid,1
