G_t,HHIplus_t,M_t,Mbar_t,Mpeak_t,S_t,alpha_t,day,delta_t,gross_settled_t,n_creditors,n_debtors,notes,phi_t,v_t
0,0.04453368801656045,20000,6749,3344,9950,0.32170854271356786,1,0.48030150753768847,5171,47,52,,0.5196984924623116,1.5463516746411483
