DS_t,agent,day
0,big_long,1
0.5236970555817981,H1,1
0,H2,1
0.182648401826484,H5,1
0.12454731538340419,H3,1
0.16910722720831364,H4,1
0,big_short,1
0,big_mid,1
