G_t,HHIplus_t,M_t,Mbar_t,Mpeak_t,S_t,alpha_t,day,delta_t,gross_settled_t,n_creditors,n_debtors,notes,phi_t,v_t
0,0.581474280292058,11555,9894,2081,14997,0.34026805361072215,1,0.8612389144495566,2081,4,4,,0.13876108555044342,1
