DS_t,agent,day
0,big_long,1
0.08267636951687891,H1,1
0.6570648878107944,H2,1
0.19001414998989286,H5,1
0,H3,1
0.0702445926824338,H4,1
0,big_short,1
0,big_mid,1
