{
  "dealer_total_pnl": -1.5779812513625464,
  "dealer_total_return": -0.0012623850010900371,
  "dealer_profitable": false,
  "dealer_pnl_by_bucket": {
    "short": 0.801915023005519,
    "mid": -0.5913841175863137,
    "long": -1.7885121567817517
  },
  "dealer_return_by_bucket": {
    "short": 0.0019245960552132456,
    "mid": -0.001419321882207153,
    "long": -0.004292429176276204
  },
  "spread_income_total": 0.6264307343962133,
  "interior_trades": 21,
  "passthrough_trades": 0,
  "mean_trader_return": 0.0004433559797183152,
  "fraction_profitable_traders": 1.0,
  "liquidity_driven_sales": 0,
  "rescue_events": 0,
  "unsafe_buy_count": 0,
  "fraction_unsafe_buys": 0.0,
  "mean_margin_at_default": null,
  "total_trades": 21,
  "total_sell_trades": 20,
  "total_buy_trades": 1
}