{
  "dealer_total_pnl": -2.5228138937138844,
  "dealer_total_return": -0.0020182511149711073,
  "dealer_profitable": false,
  "dealer_pnl_by_bucket": {
    "short": 0.9007182770529988,
    "mid": -3.027362216777921,
    "long": -0.39616995398896193
  },
  "dealer_return_by_bucket": {
    "short": 0.002161723864927197,
    "mid": -0.007265669320267011,
    "long": -0.0009508078895735086
  },
  "spread_income_total": 1.0852232596935978,
  "interior_trades": 20,
  "passthrough_trades": 0,
  "mean_trader_return": 0.0,
  "fraction_profitable_traders": 0.0,
  "liquidity_driven_sales": 0,
  "rescue_events": 0,
  "unsafe_buy_count": 0,
  "fraction_unsafe_buys": 0.0,
  "mean_margin_at_default": null,
  "total_trades": 20,
  "total_sell_trades": 20,
  "total_buy_trades": 0
}