run_id,regime,day,total_face_value,face_bucket_short,face_bucket_mid,face_bucket_long,total_cash,debt_to_money
balanced_active_5e9332a4a02a,active,0,200,80,80,40,22500.00000000000029999999999,0.008888888888888888770370370374
balanced_active_5e9332a4a02a,active,1,120,20,100,0,28502.45000000000029999999999,0.004210164389377053507223087251
