DS_t,agent,day
0,big_long,1
0,H1,1
0.20002730748225014,H2,1
0,H5,1
0,H3,1
0.7999726925177498,H4,1
0,big_short,1
0,big_mid,1
