DS_t,agent,day
0,big_long,1
0.03491581562241237,H1,1
0.034087772564173335,H2,1
0,H5,1
0.03450179409329285,H3,1
0.8964946177201214,H4,1
0,big_short,1
0,big_mid,1
