DS_t,agent,day
0,big_long,1
0,H1,1
0,H2,1
0.6099179325999651,H5,1
0.3900820674000349,H3,1
0,H4,1
0,big_short,1
0,big_mid,1
