G_t,HHIplus_t,M_t,Mbar_t,Mpeak_t,S_t,alpha_t,day,delta_t,gross_settled_t,n_creditors,n_debtors,notes,phi_t,v_t
0,0.898212841530864,21662,9296,0,9296,0,1,1,0,2,1,,0,
0,0.9434442454519747,21662,515,0,515,0,3,1,0,2,1,,0,
0,0.7717230077997517,21662,3805,0,3805,0,5,1,0,2,1,,0,
0,0.9506020845920302,21662,513,0,513,0,7,1,0,2,1,,0,
0,0.5115632100915288,21662,868,0,868,0,9,1,0,2,1,,0,
