G_t,HHIplus_t,M_t,Mbar_t,Mpeak_t,S_t,alpha_t,day,delta_t,gross_settled_t,n_creditors,n_debtors,notes,phi_t,v_t
0,0.19705215654539918,16842,7324,3827,14997,0.5116356604654264,1,0.7331466293258652,4002,6,2,,0.26685337067413484,1.045727724065848
