G_t,HHIplus_t,M_t,Mbar_t,Mpeak_t,S_t,alpha_t,day,delta_t,gross_settled_t,n_creditors,n_debtors,notes,phi_t,v_t
0,0.08970166421297499,8125,2522,0,2522,0,1,1,0,20,20,,0,
0,0.07902957737281477,8125,2067,0,2067,0,3,1,0,23,20,,0,
0,0.21094125288484128,8125,2690,0,2690,0,5,1,0,21,20,,0,
0,0.12822568700138656,8125,3944,0,3944,0,7,1,0,20,20,,0,
0,0.10847071753524616,8125,3725,0,3725,0,9,1,0,23,20,,0,
