DS_t,agent,day
0,H1,1
0,H4,1
0,big_short,1
0.6331324049054251,H3,1
0,big_long,1
0.36686759509457495,H2,1
0,big_mid,1
0,H5,1
