G_t,HHIplus_t,M_t,Mbar_t,Mpeak_t,S_t,alpha_t,day,delta_t,gross_settled_t,n_creditors,n_debtors,notes,phi_t,v_t
0,0.8056446430257456,52000.0,4584,4584,4584,0,1,0,4584,2,1,,1,1
0,0.5450630031424443,52000.0,1429,1429,1429,0,2,0,1429,2,1,,1,1
0,0.5533335600675668,52000.0,1485,1485,1485,0,4,0,1485,2,1,,1,1
0,0.6403727656748956,52000.0,2127,2127,2127,0,5,0,2127,2,1,,1,1
0,0.8312037748004105,52000.0,5373,5373,5373,0,8,0,5373,2,1,,1,1
