G_t,HHIplus_t,M_t,Mbar_t,Mpeak_t,S_t,alpha_t,day,delta_t,gross_settled_t,n_creditors,n_debtors,notes,phi_t,v_t
0,0.10996028679524339,8125,4548,104,14948,0.6957452502006958,1,0.9893631255017393,159,41,62,,0.010636874498260637,1.5288461538461537
