G_t,HHIplus_t,M_t,Mbar_t,Mpeak_t,S_t,alpha_t,day,delta_t,gross_settled_t,n_creditors,n_debtors,notes,phi_t,v_t
2109,0.030861273214802105,3270,5379,1450,9950,0.4593969849246231,1,0.8117587939698493,1873,52,48,,0.18824120603015077,1.2917241379310345
