DS_t,agent,day
0,big_long,1
0.48631159780985567,H1,1
0,H2,1
0,H5,1
0.2523643603782977,H3,1
0.2613240418118467,H4,1
0,big_short,1
0,big_mid,1
