DS_t,agent,day
0,big_long,1
0.04285834809752805,H1,1
0.04463005146376445,H2,1
0,H5,1
0.9125116004387075,H3,1
0,H4,1
0,big_short,1
0,big_mid,1
