DS_t,agent,day
0,big_long,1
0.12349397590361445,H1,1
0.5178840361445783,H2,1
0.07643072289156627,H5,1
0.28219126506024095,H3,1
0,H4,1
0,big_short,1
0,big_mid,1
