G_t,HHIplus_t,M_t,Mbar_t,Mpeak_t,S_t,alpha_t,day,delta_t,gross_settled_t,n_creditors,n_debtors,notes,phi_t,v_t
0,0.5434480316542698,51875,1418,1418,1418,0,1,0,1418,2,1,,1,1
0,0.5598216824955756,51875,743,743,743,0,3,0,743,2,1,,1,1
0,0.8184835291432582,51875,4953,4953,4953,0,5,0,4953,2,1,,1,1
0,0.8649972914657597,51875,6868,6868,6868,0,7,0,6868,2,1,,1,1
0,0.5001240002480005,51875,1016,1016,1016,0,9,0,1016,2,1,,1,1
