G_t,HHIplus_t,M_t,Mbar_t,Mpeak_t,S_t,alpha_t,day,delta_t,gross_settled_t,n_creditors,n_debtors,notes,phi_t,v_t
0,0.538857019511908,14409.666666666666,782,282,782,0,1,0.639386189258312,282,2,1,,0.36061381074168797,1
0,0.5426289819655603,14409.666666666666,774,0,774,0,3,1,0,2,1,,0,
0,0.7105202941547785,14409.666666666666,2848,0,2848,0,5,1,0,2,1,,0,
0,0.7754009396739064,14409.666666666666,574,0,574,0,7,1,0,2,1,,0,
0,0.9051706936977443,14409.666666666666,10019,0,10019,0,9,1,0,2,1,,0,
