G_t,HHIplus_t,M_t,Mbar_t,Mpeak_t,S_t,alpha_t,day,delta_t,gross_settled_t,n_creditors,n_debtors,notes,phi_t,v_t
0,0.5101341908681952,16622.0,1166,0,1166,0,1,1,0,2,1,,0,
0,0.5424228284296564,16622.0,1411,0,1411,0,3,1,0,2,1,,0,
0,0.5141209465090074,16622.0,1202,0,1202,0,5,1,0,2,1,,0,
0,0.868508756141489,16622.0,7067,0,7067,0,7,1,0,2,1,,0,
0,0.7881119978113612,16622.0,4151,0,4151,0,9,1,0,2,1,,0,
