G_t,HHIplus_t,M_t,Mbar_t,Mpeak_t,S_t,alpha_t,day,delta_t,gross_settled_t,n_creditors,n_debtors,notes,phi_t,v_t
0,0.06405473967540616,15821,2743,0,2743,0,1,1,0,23,20,,0,
0,0.07220159235877587,15821,3746,0,3746,0,3,1,0,23,20,,0,
0,0.06658012865009949,15821,2940,0,2940,0,5,1,0,23,20,,0,
0,0.07556132339682123,15821,2772,0,2772,0,7,1,0,23,20,,0,
0,0.11180678422196422,15821,2747,0,2747,0,9,1,0,23,20,,0,
