run_id,regime,day,total_face_value,face_bucket_short,face_bucket_mid,face_bucket_long,total_cash,debt_to_money
balanced_active_5909c9620eb7,active,0,200,80,80,40,21749.99999999999969999999999,0.009195402298850574839476813322
balanced_active_5909c9620eb7,active,1,140,40,100,0,26622.49999999999969999999999,0.005258709738003568469437991227
