G_t,HHIplus_t,M_t,Mbar_t,Mpeak_t,S_t,alpha_t,day,delta_t,gross_settled_t,n_creditors,n_debtors,notes,phi_t,v_t
0,0.4484583662065032,17097.0,8938,2685,14998,0.40405387384984665,1,0.8209761301506867,2685,5,3,,0.17902386984931323,1
