DS_t,agent,day
0,big_long,1
0.6650319343065694,H1,1
0,H2,1
0.3030337591240876,H5,1
0,H3,1
0.03193430656934307,H4,1
0,big_short,1
0,big_mid,1
