DS_t,agent,day
0,big_long,1
0,H1,1
0.6190763918860596,H2,1
0.3381959430297799,H5,1
0,H3,1
0.04272766508416055,H4,1
0,big_short,1
0,big_mid,1
