{
  "dealer_total_pnl": -1.4613316617592933,
  "dealer_total_return": -0.0023381306588148693,
  "dealer_profitable": false,
  "dealer_pnl_by_bucket": {
    "short": -0.2928503075871497,
    "mid": 2.4171873192596878,
    "long": -3.5856686734318313
  },
  "dealer_return_by_bucket": {
    "short": -0.0014056814764183186,
    "mid": 0.0116024991324465,
    "long": -0.01721120963247279
  },
  "spread_income_total": 1.0450998845255517,
  "interior_trades": 20,
  "passthrough_trades": 0,
  "mean_trader_return": 0.0,
  "fraction_profitable_traders": 0.0,
  "liquidity_driven_sales": 0,
  "rescue_events": 0,
  "unsafe_buy_count": 0,
  "fraction_unsafe_buys": 0.0,
  "mean_margin_at_default": null,
  "total_trades": 20,
  "total_sell_trades": 20,
  "total_buy_trades": 0
}