DS_t,agent,day
0,big_long,1
0.3934034416826004,H1,1
0.049235181644359464,H2,1
0.12882409177820267,H5,1
0,H3,1
0.4285372848948375,H4,1
0,big_short,1
0,big_mid,1
