run_id,regime,day,total_face_value,face_bucket_short,face_bucket_mid,face_bucket_long,total_cash,debt_to_money
balanced_active_051a1a1ffa13,active,0,200,80,80,40,7687.499999999999699999999999,0.02601626016260162703152885188
balanced_active_051a1a1ffa13,active,1,80,20,60,0,17597.63333333333309999999999,0.004546065853552276976302610723
