{
  "dealer_total_pnl": -3.5397536567722336,
  "dealer_total_return": -0.0014159014627088936,
  "dealer_profitable": false,
  "dealer_pnl_by_bucket": {
    "short": -2.2982031620212813,
    "mid": 3.5526952569680783,
    "long": -4.794245751719031
  },
  "dealer_return_by_bucket": {
    "short": -0.0027578437944255373,
    "mid": 0.004263234308361694,
    "long": -0.005753094902062837
  },
  "spread_income_total": 0.10574830458214074,
  "interior_trades": 14,
  "passthrough_trades": 0,
  "mean_trader_return": 0.0,
  "fraction_profitable_traders": 0.0,
  "liquidity_driven_sales": 0,
  "rescue_events": 0,
  "unsafe_buy_count": 0,
  "fraction_unsafe_buys": 0.0,
  "mean_margin_at_default": null,
  "total_trades": 14,
  "total_sell_trades": 14,
  "total_buy_trades": 0
}