DS_t,agent,day
0,big_long,1
0.5624362375025505,H1,1
0,H2,1
0.3203427871862885,H5,1
0.11722097531116099,H3,1
0,H4,1
0,big_short,1
0,big_mid,1
