{
  "dealer_total_pnl": -2.3777319729604613,
  "dealer_total_return": -0.001902185578368369,
  "dealer_profitable": false,
  "dealer_pnl_by_bucket": {
    "short": -0.29640976214243914,
    "mid": -0.8827587649240196,
    "long": -1.1985634458940024
  },
  "dealer_return_by_bucket": {
    "short": -0.000711383429141854,
    "mid": -0.002118621035817647,
    "long": -0.002876552270145606
  },
  "spread_income_total": 0.6453782166574433,
  "interior_trades": 20,
  "passthrough_trades": 0,
  "mean_trader_return": 0.0,
  "fraction_profitable_traders": 0.0,
  "liquidity_driven_sales": 0,
  "rescue_events": 0,
  "unsafe_buy_count": 0,
  "fraction_unsafe_buys": 0.0,
  "mean_margin_at_default": null,
  "total_trades": 20,
  "total_sell_trades": 20,
  "total_buy_trades": 0
}