DS_t,agent,day
0,big_long,1
0,H1,1
0,H2,1
0.48163533012680365,H5,1
0.494752951464801,H3,1
0.023611718408395276,H4,1
0,big_short,1
0,big_mid,1
