DS_t,agent,day
0,big_long,1
0.7788646128530944,H1,1
0,H2,1
0,H5,1
0,H3,1
0.22113538714690556,H4,1
0,big_short,1
0,big_mid,1
