{
  "dealer_total_pnl": -2.090463576386964,
  "dealer_total_return": -0.0004180927152773928,
  "dealer_profitable": false,
  "dealer_pnl_by_bucket": {
    "short": 1.70113840674766,
    "mid": -0.19316131164305778,
    "long": -3.5984406714915664
  },
  "dealer_return_by_bucket": {
    "short": 0.001020683044048596,
    "mid": -0.00011589678698583466,
    "long": -0.0021590644028949397
  },
  "spread_income_total": 0.11917234479193516,
  "interior_trades": 14,
  "passthrough_trades": 0,
  "mean_trader_return": 0.0,
  "fraction_profitable_traders": 0.0,
  "liquidity_driven_sales": 0,
  "rescue_events": 0,
  "unsafe_buy_count": 0,
  "fraction_unsafe_buys": 0.0,
  "mean_margin_at_default": null,
  "total_trades": 14,
  "total_sell_trades": 14,
  "total_buy_trades": 0
}