G_t,HHIplus_t,M_t,Mbar_t,Mpeak_t,S_t,alpha_t,day,delta_t,gross_settled_t,n_creditors,n_debtors,notes,phi_t,v_t
0,0.5054020374866716,51250.0,1116,1116,1116,0,1,0,1116,2,1,,1,1
0,0.7793115733311148,51250.0,3959,3959,3959,0,2,0,3959,2,1,,1,1
0,0.6645902513865177,51250.0,2346,2346,2346,0,8,0,2346,2,1,,1,1
0,0.7883320472691129,51250.0,4156,4156,4156,0,9,0,4156,2,1,,1,1
0,0.7502900237228755,51250.0,3419,3419,3419,0,10,0,3419,2,1,,1,1
