G_t,HHIplus_t,M_t,Mbar_t,Mpeak_t,S_t,alpha_t,day,delta_t,gross_settled_t,n_creditors,n_debtors,notes,phi_t,v_t
0,0.28017317040595097,26794.0,8555,2555,14998,0.42959061208161087,1,0.8296439525270036,2555,6,2,,0.1703560474729964,1
