{
  "dealer_total_pnl": -3.4101366396761135,
  "dealer_total_return": -0.0054562186234817815,
  "dealer_profitable": false,
  "dealer_pnl_by_bucket": {
    "short": 1.7071496924128504,
    "mid": -3.7249144934013354,
    "long": -1.3923718386876283
  },
  "dealer_return_by_bucket": {
    "short": 0.008194318523581682,
    "mid": -0.01787958956832641,
    "long": -0.006683384825700615
  },
  "spread_income_total": 0.7871215597283717,
  "interior_trades": 20,
  "passthrough_trades": 0,
  "mean_trader_return": 0.0,
  "fraction_profitable_traders": 0.0,
  "liquidity_driven_sales": 0,
  "rescue_events": 0,
  "unsafe_buy_count": 0,
  "fraction_unsafe_buys": 0.0,
  "mean_margin_at_default": null,
  "total_trades": 20,
  "total_sell_trades": 20,
  "total_buy_trades": 0
}