DS_t,agent,day
0,big_long,1
0.6750727449078564,H1,1
0.24806013579049466,H2,1
0,H5,1
0,H3,1
0.07686711930164888,H4,1
0,big_short,1
0,big_mid,1
