G_t,HHIplus_t,M_t,Mbar_t,Mpeak_t,S_t,alpha_t,day,delta_t,gross_settled_t,n_creditors,n_debtors,notes,phi_t,v_t
0,0.2541681544989344,15000.0,6305,2071,14998,0.5796106147486332,1,0.8282437658354447,2576,5,3,,0.17175623416455527,1.2438435538387254
