DS_t,agent,day
0,big_long,1
0.8965183752417795,H1,1
0,H2,1
0.033296490743299254,H5,1
0.034470848300635536,H3,1
0.03571428571428571,H4,1
0,big_short,1
0,big_mid,1
