DS_t,agent,day
0,H1,1
0.7352304876019304,H4,1
0,big_short,1
0,H3,1
0,big_long,1
0.26476951239806956,H2,1
0,big_mid,1
0,H5,1
