G_t,HHIplus_t,M_t,Mbar_t,Mpeak_t,S_t,alpha_t,day,delta_t,gross_settled_t,n_creditors,n_debtors,notes,phi_t,v_t
0,0.17701502885185175,15000.0,6009,2405,14998,0.5993465795439392,1,0.6940925456727564,4588,6,2,,0.30590745432724364,1.9076923076923078
