DS_t,agent,day
0,big_long,1
0.41904938730040847,H1,1
0,H2,1
0,H5,1
0.45562569624953586,H3,1
0.1253249164500557,H4,1
0,big_short,1
0,big_mid,1
