DS_t,agent,day
0,big_long,1
0.12059563758389262,H1,1
0,H2,1
0,H5,1
0.38947147651006714,H3,1
0.4899328859060403,H4,1
0,big_short,1
0,big_mid,1
