DS_t,agent,day
0,big_long,1
0,H1,1
0,H2,1
0,H5,1
0.23166883237423427,H3,1
0.7683311676257657,H4,1
0,big_short,1
0,big_mid,1
