G_t,HHIplus_t,M_t,Mbar_t,Mpeak_t,S_t,alpha_t,day,delta_t,gross_settled_t,n_creditors,n_debtors,notes,phi_t,v_t
0,0.17404980032749398,16864,5387,3414,14998,0.6408187758367783,1,0.7354980664088545,3967,6,2,,0.2645019335911455,1.1619800820152315
