G_t,HHIplus_t,M_t,Mbar_t,Mpeak_t,S_t,alpha_t,day,delta_t,gross_settled_t,n_creditors,n_debtors,notes,phi_t,v_t
0,0.7939425419089148,13717.0,4287,0,4287,0,1,1,0,2,1,,0,
0,0.6462496527786021,13717.0,649,0,649,0,2,1,0,2,1,,0,
0,0.8955858566669872,13717.0,9048,0,9048,0,8,1,0,2,1,,0,
0,0.968999937999876,13717.0,508,0,508,0,9,1,0,2,1,,0,
0,0.976565795435017,13717.0,506,0,506,0,10,1,0,2,1,,0,
