run_id,regime,day,total_face_value,face_bucket_short,face_bucket_mid,face_bucket_long,total_cash,debt_to_money
balanced_active_eaefbcb2c3b5,active,0,200,80,80,40,8062.499999999999999999999999,0.02480620155038759689922480620
balanced_active_eaefbcb2c3b5,active,1,80,20,60,0,17932.29999999999999999999999,0.004461223602103466928391784659
