DS_t,agent,day
0,big_long,1
0.40671641791044777,H1,1
0.162106135986733,H2,1
0.08975953565505804,H5,1
0,H3,1
0.3414179104477612,H4,1
0,big_short,1
0,big_mid,1
