G_t,HHIplus_t,M_t,Mbar_t,Mpeak_t,S_t,alpha_t,day,delta_t,gross_settled_t,n_creditors,n_debtors,notes,phi_t,v_t
0,0.7910240854015653,52000.0,4218,4218,4218,0,1,0,4218,2,1,,1,1
0,0.5194896542129035,52000.0,1246,1246,1246,0,2,0,1246,2,1,,1,1
0,0.8149017903832002,52000.0,4845,4845,4845,0,8,0,4845,2,1,,1,1
0,0.6862259574057052,52000.0,2566,2566,2566,0,9,0,2566,2,1,,1,1
0,0.6397864124414486,52000.0,2122,2122,2122,0,10,0,2122,2,1,,1,1
