DS_t,agent,day
0,big_long,1
0.8870479075932588,H1,1
0,H2,1
0.03834501041469419,H5,1
0,H3,1
0.07460708199204696,H4,1
0,big_short,1
0,big_mid,1
