G_t,HHIplus_t,M_t,Mbar_t,Mpeak_t,S_t,alpha_t,day,delta_t,gross_settled_t,n_creditors,n_debtors,notes,phi_t,v_t
0,0.3332875754624529,14830,4134,0,4134,0,1,1,0,19,20,,0,
0,0.299507474702936,14830,3811,0,3811,0,3,1,0,17,20,,0,
0,0.11793903442537218,14830,1711,0,1711,0,5,1,0,18,20,,0,
0,0.21137189379884186,14830,3696,0,3696,0,7,1,0,15,20,,0,
0,0.14371823025353067,14830,1607,0,1607,0,9,1,0,16,20,,0,
