DS_t,agent,day
0,big_long,1
0.8714132269449133,H1,1
0,H2,1
0,H5,1
0.0013810035292312413,H3,1
0.12720576952585547,H4,1
0,big_short,1
0,big_mid,1
