G_t,HHIplus_t,M_t,Mbar_t,Mpeak_t,S_t,alpha_t,day,delta_t,gross_settled_t,n_creditors,n_debtors,notes,phi_t,v_t
0,0.03423893940245087,21549,3530,4536,9955,0.6454043194374686,1,0.03244600703164239,9632,52,48,,0.9675539929683576,2.123456790123457
