G_t,HHIplus_t,M_t,Mbar_t,Mpeak_t,S_t,alpha_t,day,delta_t,gross_settled_t,n_creditors,n_debtors,notes,phi_t,v_t
0,0.8440808642481198,27000.0,5867,0,5867,0,1,1,0,2,1,,0,
0,0.8007648695080403,27000.0,4456,0,4456,0,3,1,0,2,1,,0,
0,0.625,27000.0,2000,0,2000,0,5,1,0,2,1,,0,
0,0.988142714290796,27000.0,503,0,503,0,7,1,0,2,1,,0,
0,0.6454668878591185,27000.0,2171,0,2171,0,9,1,0,2,1,,0,
