DS_t,agent,day
0,big_long,1
0,H1,1
0.13379290939786156,H2,1
0.8510129431626337,H5,1
0.015194147439504783,H3,1
0,H4,1
0,big_short,1
0,big_mid,1
