DS_t,agent,day
0,big_long,1
0,H1,1
0.19917184265010351,H2,1
0.5469979296066253,H5,1
0.20910973084886128,H3,1
0.04472049689440994,H4,1
0,big_short,1
0,big_mid,1
