DS_t,agent,day
0,big_long,1
0.04918635653213202,H1,1
0.9353682081456284,H2,1
0,H5,1
0,H3,1
0.015445435322239588,H4,1
0,big_short,1
0,big_mid,1
