G_t,HHIplus_t,M_t,Mbar_t,Mpeak_t,S_t,alpha_t,day,delta_t,gross_settled_t,n_creditors,n_debtors,notes,phi_t,v_t
0,0.6228659694137435,26704.0,1983,0,1983,0,1,1,0,2,1,,0,
0,0.706105192770727,26704.0,609,0,609,0,2,1,0,2,1,,0,
0,0.6119258139842172,26704.0,1898,0,1898,0,8,1,0,2,1,,0,
0,0.7820440622995783,26704.0,4017,0,4017,0,9,1,0,2,1,,0,
0,0.8577675258301322,26704.0,6489,0,6489,0,10,1,0,2,1,,0,
