DS_t,agent,day
0,big_long,1
0.32346662871780274,H1,1
0.529386651487121,H2,1
0,H5,1
0,H3,1
0.14714671979507613,H4,1
0,big_short,1
0,big_mid,1
