G_t,HHIplus_t,M_t,Mbar_t,Mpeak_t,S_t,alpha_t,day,delta_t,gross_settled_t,n_creditors,n_debtors,notes,phi_t,v_t
0,0.2141503044611255,18399,7776,1240,14998,0.481530870782771,1,0.9173223096412855,1240,6,2,,0.0826776903587145,1
