run_id,regime,day,total_face_value,face_bucket_short,face_bucket_mid,face_bucket_long,total_cash,debt_to_money
balanced_active_b3db8f161f5f,active,0,200,80,80,40,22124.99999999999999999999999,0.009039548022598870056497175145
balanced_active_b3db8f161f5f,active,1,140,40,100,0,23337.44999999999999999999999,0.005998941615300729085654173873
