G_t,HHIplus_t,M_t,Mbar_t,Mpeak_t,S_t,alpha_t,day,delta_t,gross_settled_t,n_creditors,n_debtors,notes,phi_t,v_t
0,0.9434442454519747,26918.0,515,515,515,0,1,0,515,2,1,,1,1
0,0.5366136405834944,26918.0,1371,1371,1371,0,2,0,1371,2,1,,1,1
0,0.6556336536213971,26918.0,2262,2262,2262,0,4,0,2262,2,1,,1,1
0,0.8882006218577264,26918.0,8413,0,8413,0,5,1,0,2,1,,0,
0,0.673849114214942,26918.0,2437,0,2437,0,8,1,0,2,1,,0,
