DS_t,agent,day
0,big_long,1
0,H1,1
0.759546209186497,H2,1
0.027024534218778824,H5,1
0,H3,1
0.21342925659472423,H4,1
0,big_short,1
0,big_mid,1
