G_t,HHIplus_t,M_t,Mbar_t,Mpeak_t,S_t,alpha_t,day,delta_t,gross_settled_t,n_creditors,n_debtors,notes,phi_t,v_t
3342.0,0.5524925936395322,7500.0,10842,671,14998,0.27710361381517534,1,0.9552607014268569,671,5,3,,0.044739298573143085,1
