G_t,HHIplus_t,M_t,Mbar_t,Mpeak_t,S_t,alpha_t,day,delta_t,gross_settled_t,n_creditors,n_debtors,notes,phi_t,v_t
0,0.7049013439484252,51875,2779,2779,2779,0,1,0,2779,2,1,,1,1
0,0.7805446711239923,51875,3985,3985,3985,0,2,0,3985,2,1,,1,1
0,0.6339586752608423,51875,2073,2073,2073,0,4,0,2073,2,1,,1,1
0,0.7679465220123401,51875,3732,3732,3732,0,5,0,3732,2,1,,1,1
0,0.6729533802507267,51875,2428,2428,2428,0,8,0,2428,2,1,,1,1
