G_t,HHIplus_t,M_t,Mbar_t,Mpeak_t,S_t,alpha_t,day,delta_t,gross_settled_t,n_creditors,n_debtors,notes,phi_t,v_t
0,0.09373949580968158,51867,3846,317,3846,0,1,0.9175767030681228,317,23,20,,0.08242329693187728,1
0,0.07492300179977744,51867,3011,0,3011,0,3,1,0,23,20,,0,
0,0.08117923942948756,51867,2049,0,2049,0,5,1,0,23,20,,0,
0,0.08617386354976375,51867,2592,0,2592,0,7,1,0,23,20,,0,
0,0.07370876414227076,51867,3453,0,3453,0,9,1,0,23,20,,0,
