{
  "dealer_total_pnl": -1.484534740876922,
  "dealer_total_return": -0.0005938138963507688,
  "dealer_profitable": false,
  "dealer_pnl_by_bucket": {
    "short": 0.9003594250348225,
    "mid": -1.1856130159813894,
    "long": -1.199281149930355
  },
  "dealer_return_by_bucket": {
    "short": 0.001080431310041787,
    "mid": -0.001422735619177667,
    "long": -0.001439137379916426
  },
  "spread_income_total": 0.40635320217649773,
  "interior_trades": 20,
  "passthrough_trades": 0,
  "mean_trader_return": 0.0,
  "fraction_profitable_traders": 0.0,
  "liquidity_driven_sales": 0,
  "rescue_events": 0,
  "unsafe_buy_count": 0,
  "fraction_unsafe_buys": 0.0,
  "mean_margin_at_default": null,
  "total_trades": 20,
  "total_sell_trades": 20,
  "total_buy_trades": 0
}