G_t,HHIplus_t,M_t,Mbar_t,Mpeak_t,S_t,alpha_t,day,delta_t,gross_settled_t,n_creditors,n_debtors,notes,phi_t,v_t
0,0.785751765969949,14520.666666666666,4098,0,4098,0,1,1,0,2,1,,0,
0,0.7466072716711273,14520.666666666666,3359,0,3359,0,2,1,0,2,1,,0,
0,0.6464944028280448,14520.666666666666,2180,0,2180,0,8,1,0,2,1,,0,
0,0.7130594135802469,14520.666666666666,2880,0,2880,0,9,1,0,2,1,,0,
0,0.6782636757417305,14520.666666666666,2482,0,2482,0,10,1,0,2,1,,0,
