run_id,regime,day,total_face_value,face_bucket_short,face_bucket_mid,face_bucket_long,total_cash,debt_to_money
balanced_active_cc3615136095,active,0,200,80,40,80,21749.99999999999969999999999,0.009195402298850574839476813322
balanced_active_cc3615136095,active,1,140,40,60,40,25351.68333333333309999999999,0.005522315743661992252527886324
