DS_t,agent,day
0.24537922243467178,H1,1
0,H4,1
0,big_short,1
0.29075844486934355,H3,1
0,big_long,1
0,H2,1
0,big_mid,1
0.4638623326959847,H5,1
