G_t,HHIplus_t,M_t,Mbar_t,Mpeak_t,S_t,alpha_t,day,delta_t,gross_settled_t,n_creditors,n_debtors,notes,phi_t,v_t
0,0.312077955786023,51875,4773,655,4773,0,1,0.8627697464906767,655,18,20,,0.13723025350932327,1
0,0.1790388197235565,51875,2424,0,2424,0,3,1,0,14,20,,0,
0,0.12540002148915327,51875,2107,0,2107,0,5,1,0,15,20,,0,
0,0.17758111349577074,51875,3560,0,3560,0,7,1,0,19,20,,0,
0,0.19159902298872963,51875,2089,0,2089,0,9,1,0,16,20,,0,
