G_t,HHIplus_t,M_t,Mbar_t,Mpeak_t,S_t,alpha_t,day,delta_t,gross_settled_t,n_creditors,n_debtors,notes,phi_t,v_t
0,0.03429954531887503,3690,2329,2723,9950,0.765929648241206,1,0.4957788944723618,5017,49,50,,0.5042211055276382,1.842453176643408
