G_t,HHIplus_t,M_t,Mbar_t,Mpeak_t,S_t,alpha_t,day,delta_t,gross_settled_t,n_creditors,n_debtors,notes,phi_t,v_t
0,0.523151978755822,25706.0,8351,6658,14997,0.4431552977262119,1,0.5167033406681336,7248,4,4,,0.4832966593318664,1.0886151997596876
