G_t,HHIplus_t,M_t,Mbar_t,Mpeak_t,S_t,alpha_t,day,delta_t,gross_settled_t,n_creditors,n_debtors,notes,phi_t,v_t
0,0.6060259629448094,52164,12625,19,14998,0.15822109614615282,1,0.998733164421923,19,5,3,,0.0012668355780770769,1
