DS_t,agent,day
0,big_long,1
0.04110891089108911,H1,1
0.07239603960396039,H2,1
0,H5,1
0.8864950495049505,H3,1
0,H4,1
0,big_short,1
0,big_mid,1
