G_t,HHIplus_t,M_t,Mbar_t,Mpeak_t,S_t,alpha_t,day,delta_t,gross_settled_t,n_creditors,n_debtors,notes,phi_t,v_t
406,0.04289748623396894,5000,5406,1712,9951,0.4567380162797709,1,0.6825444678926741,3159,51,48,,0.3174555321073259,1.8452102803738317
