G_t,HHIplus_t,M_t,Mbar_t,Mpeak_t,S_t,alpha_t,day,delta_t,gross_settled_t,n_creditors,n_debtors,notes,phi_t,v_t
0,0.7454193409588009,4375.0,3340,0,3340,0,1,1,0,2,1,,0,
0,0.6400211376750685,4375.0,2124,0,2124,0,2,1,0,2,1,,0,
0,0.7788337130267071,4375.0,3949,0,3949,0,8,1,0,2,1,,0,
0,0.7723830846194352,4375.0,3818,0,3818,0,9,1,0,2,1,,0,
0,0.5940689172221232,4375.0,1766,0,1766,0,10,1,0,2,1,,0,
