DS_t,agent,day
0,H1,1
0,H4,1
0,big_short,1
0.5855670103092784,H3,1
0,big_long,1
0.32767644726407613,H2,1
0,big_mid,1
0.08675654242664552,H5,1
