{
  "dealer_total_pnl": -2.5283403898890455,
  "dealer_total_return": -0.0020226723119112365,
  "dealer_profitable": false,
  "dealer_pnl_by_bucket": {
    "short": -1.198084976994481,
    "mid": 0.2625641113903136,
    "long": -1.5928195242848784
  },
  "dealer_return_by_bucket": {
    "short": -0.0028754039447867544,
    "mid": 0.0006301538673367526,
    "long": -0.003822766858283708
  },
  "spread_income_total": 1.002895568160856,
  "interior_trades": 20,
  "passthrough_trades": 0,
  "mean_trader_return": 0.0,
  "fraction_profitable_traders": 0.0,
  "liquidity_driven_sales": 0,
  "rescue_events": 0,
  "unsafe_buy_count": 0,
  "fraction_unsafe_buys": 0.0,
  "mean_margin_at_default": null,
  "total_trades": 20,
  "total_sell_trades": 20,
  "total_buy_trades": 0
}