DS_t,agent,day
0,big_long,1
0,H1,1
0.2762592737212027,H2,1
0.038461538461538464,H5,1
0.6852791878172588,H3,1
0,H4,1
0,big_short,1
0,big_mid,1
