DS_t,agent,day
0.1216948777519637,H1,1
0,H4,1
0,big_short,1
0,H3,1
0,big_long,1
0.7182210421506804,H2,1
0,big_mid,1
0.1600840800973559,H5,1
