{
  "dealer_total_pnl": -3.3818101499661517,
  "dealer_total_return": -0.002705448119972921,
  "dealer_profitable": false,
  "dealer_pnl_by_bucket": {
    "short": -2.394256078390876,
    "mid": 0.4086158824136863,
    "long": -1.396169953988962
  },
  "dealer_return_by_bucket": {
    "short": -0.005746214588138102,
    "mid": 0.0009806781177928471,
    "long": -0.0033508078895735085
  },
  "spread_income_total": 0.5473949440856858,
  "interior_trades": 20,
  "passthrough_trades": 0,
  "mean_trader_return": 0.0,
  "fraction_profitable_traders": 0.0,
  "liquidity_driven_sales": 0,
  "rescue_events": 0,
  "unsafe_buy_count": 0,
  "fraction_unsafe_buys": 0.0,
  "mean_margin_at_default": null,
  "total_trades": 20,
  "total_sell_trades": 20,
  "total_buy_trades": 0
}