run_id,regime,day,total_face_value,face_bucket_short,face_bucket_mid,face_bucket_long,total_cash,debt_to_money
balanced_active_2cadcc872ef7,active,0,200,80,80,40,22124.99999999999999999999999,0.009039548022598870056497175145
balanced_active_2cadcc872ef7,active,1,160,40,120,0,22111.39999999999999999999999,0.007236086362690738713966551194
