G_t,HHIplus_t,M_t,Mbar_t,Mpeak_t,S_t,alpha_t,day,delta_t,gross_settled_t,n_creditors,n_debtors,notes,phi_t,v_t
0,0.7435218736594226,18491.333333333332,3310,3310,3310,0,1,0,3310,2,1,,1,1
0,0.7967011785845634,18491.333333333332,4354,0,4354,0,3,1,0,2,1,,0,
0,0.7325168825955494,18491.333333333332,3144,0,3144,0,5,1,0,2,1,,0,
0,0.6278584708868282,18491.333333333332,2023,0,2023,0,7,1,0,2,1,,0,
0,0.6450086447954796,18491.333333333332,2167,0,2167,0,9,1,0,2,1,,0,
