{
  "dealer_total_pnl": -0.04995495057147901,
  "dealer_total_return": -4.9954950571479005e-06,
  "dealer_profitable": false,
  "dealer_pnl_by_bucket": {
    "short": 0.0,
    "mid": 1.1498651213961364,
    "long": -1.1998200719676155
  },
  "dealer_return_by_bucket": {
    "short": 0.0,
    "mid": 0.0003449595364188409,
    "long": -0.00035994602159028467
  },
  "spread_income_total": 0.013120689205487238,
  "interior_trades": 2,
  "passthrough_trades": 0,
  "mean_trader_return": 0.04344418283670088,
  "fraction_profitable_traders": 1.0,
  "liquidity_driven_sales": 0,
  "rescue_events": 0,
  "unsafe_buy_count": 0,
  "fraction_unsafe_buys": 0.0,
  "mean_margin_at_default": null,
  "total_trades": 2,
  "total_sell_trades": 1,
  "total_buy_trades": 1
}