run_id,regime,day,total_face_value,face_bucket_short,face_bucket_mid,face_bucket_long,total_cash,debt_to_money
balanced_active_a653867c8644,active,0,200,80,80,40,12187.50000000000000000000000,0.01641025641025641025641025641
balanced_active_a653867c8644,active,1,100,20,80,0,19177.10000000000000000000001,0.005214552773881348066183103803
