G_t,HHIplus_t,M_t,Mbar_t,Mpeak_t,S_t,alpha_t,day,delta_t,gross_settled_t,n_creditors,n_debtors,notes,phi_t,v_t
0,0.09044156335213234,26875,2828,751,2828,0,1,0.7344413012729845,751,22,20,,0.26555869872701554,1
0,0.06803461964678982,26875,2670,0,2670,0,3,1,0,20,20,,0,
0,0.08108175490336691,26875,2672,0,2672,0,5,1,0,21,20,,0,
0,0.12486857816968935,26875,3614,0,3614,0,7,1,0,22,20,,0,
0,0.08752455106621773,26875,3168,0,3168,0,9,1,0,23,20,,0,
