{
  "dealer_total_pnl": -2.3411940863020777,
  "dealer_total_return": -0.0009364776345208311,
  "dealer_profitable": false,
  "dealer_pnl_by_bucket": {
    "short": -1.4958060853256134,
    "mid": 1.5526952569680783,
    "long": -2.3980832579445424
  },
  "dealer_return_by_bucket": {
    "short": -0.0017949673023907361,
    "mid": 0.0018632343083616939,
    "long": -0.002877699909533451
  },
  "spread_income_total": 0.2888489298519809,
  "interior_trades": 20,
  "passthrough_trades": 0,
  "mean_trader_return": 0.0,
  "fraction_profitable_traders": 0.0,
  "liquidity_driven_sales": 0,
  "rescue_events": 0,
  "unsafe_buy_count": 0,
  "fraction_unsafe_buys": 0.0,
  "mean_margin_at_default": null,
  "total_trades": 20,
  "total_sell_trades": 20,
  "total_buy_trades": 0
}