G_t,HHIplus_t,M_t,Mbar_t,Mpeak_t,S_t,alpha_t,day,delta_t,gross_settled_t,n_creditors,n_debtors,notes,phi_t,v_t
0,0.5010075633387429,26250.0,1047,1047,1047,0,1,0,1047,2,1,,1,1
0,0.8771977253452837,26250.0,7608,0,7608,0,3,1,0,2,1,,0,
0,0.5173594996428196,26250.0,1229,0,1229,0,5,1,0,2,1,,0,
0,0.7491349480968859,26250.0,3400,0,3400,0,7,1,0,2,1,,0,
0,0.5866232229143642,26250.0,1713,0,1713,0,9,1,0,2,1,,0,
