run_id,regime,day,total_face_value,face_bucket_short,face_bucket_mid,face_bucket_long,total_cash,debt_to_money
balanced_active_8e02f77387f1,active,0,200,80,120,0,7499.999999999999999999999999,0.02666666666666666666666666667
balanced_active_8e02f77387f1,active,1,80,40,40,0,17619.74999999999999999999999,0.004540359539721051660778387891
