DS_t,agent,day
0,big_long,1
0,H1,1
0.4057321988356471,H2,1
0.2455217196596507,H5,1
0.3487460815047022,H3,1
0,H4,1
0,big_short,1
0,big_mid,1
