{
  "dealer_total_pnl": -2.4300156047410875,
  "dealer_total_return": -0.00194401248379287,
  "dealer_profitable": false,
  "dealer_pnl_by_bucket": {
    "short": -1.296409762142439,
    "mid": 1.2625641113903137,
    "long": -2.396169953988962
  },
  "dealer_return_by_bucket": {
    "short": -0.003111383429141854,
    "mid": 0.0030301538673367526,
    "long": -0.005750807889573509
  },
  "spread_income_total": 0.5268994281939189,
  "interior_trades": 20,
  "passthrough_trades": 0,
  "mean_trader_return": 0.0,
  "fraction_profitable_traders": 0.0,
  "liquidity_driven_sales": 0,
  "rescue_events": 0,
  "unsafe_buy_count": 0,
  "fraction_unsafe_buys": 0.0,
  "mean_margin_at_default": null,
  "total_trades": 20,
  "total_sell_trades": 20,
  "total_buy_trades": 0
}