{
  "dealer_total_pnl": -6.281810723669868,
  "dealer_total_return": -0.005025448578935894,
  "dealer_profitable": false,
  "dealer_pnl_by_bucket": {
    "short": -5.588513304189185,
    "mid": 1.7028725345082785,
    "long": -2.396169953988962
  },
  "dealer_return_by_bucket": {
    "short": -0.013412431930054043,
    "mid": 0.004086894082819869,
    "long": -0.005750807889573509
  },
  "spread_income_total": 0.8717581657360809,
  "interior_trades": 20,
  "passthrough_trades": 0,
  "mean_trader_return": 0.0,
  "fraction_profitable_traders": 0.0,
  "liquidity_driven_sales": 0,
  "rescue_events": 0,
  "unsafe_buy_count": 0,
  "fraction_unsafe_buys": 0.0,
  "mean_margin_at_default": null,
  "total_trades": 20,
  "total_sell_trades": 20,
  "total_buy_trades": 0
}