DS_t,agent,day
0,big_long,1
0.28219895287958113,H1,1
0,H2,1
0.5420157068062827,H5,1
0,H3,1
0.17578534031413612,H4,1
0,big_short,1
0,big_mid,1
