G_t,HHIplus_t,M_t,Mbar_t,Mpeak_t,S_t,alpha_t,day,delta_t,gross_settled_t,n_creditors,n_debtors,notes,phi_t,v_t
0,0.09206071821913303,11298,6404,2494,9953,0.35657590676178036,1,0.6392042600221038,3591,45,53,,0.3607957399778961,1.4398556535685645
