DS_t,agent,day
0,big_long,1
0.16938910395618922,H1,1
0,H2,1
0,H5,1
0.328108771598527,H3,1
0.5025021244452837,H4,1
0,big_short,1
0,big_mid,1
