G_t,HHIplus_t,M_t,Mbar_t,Mpeak_t,S_t,alpha_t,day,delta_t,gross_settled_t,n_creditors,n_debtors,notes,phi_t,v_t
87.9999999999998,0.49640735983362183,8750.0,8838,146,14997,0.41068213642728546,1,0.9902647196105888,146,5,3,,0.009735280389411216,1
