G_t,HHIplus_t,M_t,Mbar_t,Mpeak_t,S_t,alpha_t,day,delta_t,gross_settled_t,n_creditors,n_debtors,notes,phi_t,v_t
0,0.03423893940245087,20000,3530,3542,9955,0.6454043194374686,1,0.06459065796082371,9312,52,48,,0.9354093420391763,2.629023150762281
