G_t,HHIplus_t,M_t,Mbar_t,Mpeak_t,S_t,alpha_t,day,delta_t,gross_settled_t,n_creditors,n_debtors,notes,phi_t,v_t
0,0.04453368801656045,21247,6749,4245,9950,0.32170854271356786,1,0.43829145728643215,5589,47,52,,0.5617085427135678,1.31660777385159
