DS_t,agent,day
0.08511853756069694,H1,1
0,H4,1
0,big_short,1
0,H3,1
0,big_long,1
0.9090259925735504,H2,1
0,big_mid,1
0.005855469865752642,H5,1
