DS_t,agent,day
0,big_long,1
0.8854191124677154,H1,1
0,H2,1
0.11458088753228457,H5,1
0,H3,1
0,H4,1
0,big_short,1
0,big_mid,1
