run_id,regime,day,total_face_value,face_bucket_short,face_bucket_mid,face_bucket_long,total_cash,debt_to_money
balanced_active_61958256c145,active,0,200,200,0,0,7499.999999999999999999999999,0.02666666666666666666666666667
balanced_active_61958256c145,active,1,0,0,0,0,18120.59999999999999999999999,0E+23
