DS_t,agent,day
0,big_long,1
0.10831758034026465,H1,1
0.17712665406427222,H2,1
0.24291115311909262,H5,1
0.4716446124763705,H3,1
0,H4,1
0,big_short,1
0,big_mid,1
