{
  "dealer_total_pnl": -1.2907730573382155,
  "dealer_total_return": -0.0005163092229352862,
  "dealer_profitable": false,
  "dealer_pnl_by_bucket": {
    "short": -0.4958060853256135,
    "mid": 0.4043141779177531,
    "long": -1.199281149930355
  },
  "dealer_return_by_bucket": {
    "short": -0.0005949673023907361,
    "mid": 0.0004851770135013037,
    "long": -0.001439137379916426
  },
  "spread_income_total": 0.42956038530520124,
  "interior_trades": 18,
  "passthrough_trades": 0,
  "mean_trader_return": 0.00043754828434267306,
  "fraction_profitable_traders": 1.0,
  "liquidity_driven_sales": 0,
  "rescue_events": 0,
  "unsafe_buy_count": 0,
  "fraction_unsafe_buys": 0.0,
  "mean_margin_at_default": null,
  "total_trades": 18,
  "total_sell_trades": 17,
  "total_buy_trades": 1
}