DS_t,agent,day
0,big_long,1
0,H1,1
0.5520094562647754,H2,1
0.25256107171000786,H5,1
0.02955082742316785,H3,1
0.16587864460204885,H4,1
0,big_short,1
0,big_mid,1
