run_id,regime,day,total_face_value,face_bucket_short,face_bucket_mid,face_bucket_long,total_cash,debt_to_money
balanced_active_d701bf75f907,active,0,200,200,0,0,40312.50000000000000000000001,0.004961240310077519379844961239
balanced_active_d701bf75f907,active,1,0,0,0,0,40312.50000000000000000000001,0E+23
balanced_active_d701bf75f907,active,2,0,0,0,0,40312.50000000000000000000001,0E+23
balanced_active_d701bf75f907,active,3,0,0,0,0,40312.50000000000000000000001,0E+23
