{
  "dealer_total_pnl": -3.3149441567204727,
  "dealer_total_return": -0.005303910650752756,
  "dealer_profitable": false,
  "dealer_pnl_by_bucket": {
    "short": -1.4832968566521199,
    "mid": -0.43927546138072454,
    "long": -1.3923718386876283
  },
  "dealer_return_by_bucket": {
    "short": -0.007119824911930175,
    "mid": -0.002108522214627478,
    "long": -0.006683384825700615
  },
  "spread_income_total": 1.2323013013873998,
  "interior_trades": 20,
  "passthrough_trades": 0,
  "mean_trader_return": 0.0,
  "fraction_profitable_traders": 0.0,
  "liquidity_driven_sales": 0,
  "rescue_events": 0,
  "unsafe_buy_count": 0,
  "fraction_unsafe_buys": 0.0,
  "mean_margin_at_default": null,
  "total_trades": 20,
  "total_sell_trades": 20,
  "total_buy_trades": 0
}