{
  "dealer_total_pnl": -1.5363946187616475,
  "dealer_total_return": -0.0006145578475046591,
  "dealer_profitable": false,
  "dealer_pnl_by_bucket": {
    "short": 0.9003594250348225,
    "mid": -1.0386707858519275,
    "long": -1.3980832579445426
  },
  "dealer_return_by_bucket": {
    "short": 0.001080431310041787,
    "mid": -0.001246404943022313,
    "long": -0.001677699909533451
  },
  "spread_income_total": 0.37304343388643363,
  "interior_trades": 20,
  "passthrough_trades": 0,
  "mean_trader_return": 0.0,
  "fraction_profitable_traders": 0.0,
  "liquidity_driven_sales": 0,
  "rescue_events": 0,
  "unsafe_buy_count": 0,
  "fraction_unsafe_buys": 0.0,
  "mean_margin_at_default": null,
  "total_trades": 20,
  "total_sell_trades": 20,
  "total_buy_trades": 0
}