{
  "dealer_total_pnl": -4.146792152360895,
  "dealer_total_return": -0.0008293584304721789,
  "dealer_profitable": false,
  "dealer_pnl_by_bucket": {
    "short": -3.2991006115323698,
    "mid": 1.5513490827014453,
    "long": -2.39904062352997
  },
  "dealer_return_by_bucket": {
    "short": -0.0019794603669194217,
    "mid": 0.0009308094496208672,
    "long": -0.0014394243741179822
  },
  "spread_income_total": 0.0885082000975479,
  "interior_trades": 9,
  "passthrough_trades": 0,
  "mean_trader_return": 0.0003119373661762449,
  "fraction_profitable_traders": 1.0,
  "liquidity_driven_sales": 0,
  "rescue_events": 0,
  "unsafe_buy_count": 0,
  "fraction_unsafe_buys": 0.0,
  "mean_margin_at_default": null,
  "total_trades": 9,
  "total_sell_trades": 8,
  "total_buy_trades": 1
}