{
  "dealer_total_pnl": -1.3637468343060448,
  "dealer_total_return": -0.002181994934889672,
  "dealer_profitable": false,
  "dealer_pnl_by_bucket": {
    "short": 2.6114376851218957,
    "mid": -1.5828126807403122,
    "long": -2.392371838687628
  },
  "dealer_return_by_bucket": {
    "short": 0.0125349008885851,
    "mid": -0.007597500867553499,
    "long": -0.011483384825700615
  },
  "spread_income_total": 1.003622419021704,
  "interior_trades": 20,
  "passthrough_trades": 0,
  "mean_trader_return": 0.0,
  "fraction_profitable_traders": 0.0,
  "liquidity_driven_sales": 0,
  "rescue_events": 0,
  "unsafe_buy_count": 0,
  "fraction_unsafe_buys": 0.0,
  "mean_margin_at_default": null,
  "total_trades": 20,
  "total_sell_trades": 20,
  "total_buy_trades": 0
}