G_t,HHIplus_t,M_t,Mbar_t,Mpeak_t,S_t,alpha_t,day,delta_t,gross_settled_t,n_creditors,n_debtors,notes,phi_t,v_t
0,0.7983539574006556,27500.0,4395,4395,4395,0,1,0,4395,2,1,,1,1
0,0.810330901670146,27500.0,4713,4713,4713,0,3,0,4713,2,1,,1,1
0,0.7705974716529259,27500.0,3783,3783,3783,0,5,0,3783,2,1,,1,1
0,0.6462496527786021,27500.0,649,649,649,0,7,0,649,2,1,,1,1
0,0.5493384966534385,27500.0,1458,1458,1458,0,9,0,1458,2,1,,1,1
