G_t,HHIplus_t,M_t,Mbar_t,Mpeak_t,S_t,alpha_t,day,delta_t,gross_settled_t,n_creditors,n_debtors,notes,phi_t,v_t
0,0.3057636605099309,16181,8869,2594,14998,0.40865448726496867,1,0.8270436058141085,2594,6,2,,0.17295639418589145,1
