DS_t,agent,day
0,big_long,1
0,H1,1
0,H2,1
0.7245461720599842,H5,1
0.27545382794001577,H3,1
0,H4,1
0,big_short,1
0,big_mid,1
