{
  "dealer_total_pnl": -2.3818101499661517,
  "dealer_total_return": -0.0019054481199729213,
  "dealer_profitable": false,
  "dealer_pnl_by_bucket": {
    "short": -1.3942560783908757,
    "mid": -0.5913841175863137,
    "long": -0.39616995398896193
  },
  "dealer_return_by_bucket": {
    "short": -0.003346214588138102,
    "mid": -0.001419321882207153,
    "long": -0.0009508078895735086
  },
  "spread_income_total": 0.4580456788415421,
  "interior_trades": 20,
  "passthrough_trades": 0,
  "mean_trader_return": 0.0,
  "fraction_profitable_traders": 0.0,
  "liquidity_driven_sales": 0,
  "rescue_events": 0,
  "unsafe_buy_count": 0,
  "fraction_unsafe_buys": 0.0,
  "mean_margin_at_default": null,
  "total_trades": 20,
  "total_sell_trades": 20,
  "total_buy_trades": 0
}