DS_t,agent,day
0,big_long,1
0,H1,1
0,H2,1
0.5612210095497954,H5,1
0.3772169167803547,H3,1
0.061562073669849934,H4,1
0,big_short,1
0,big_mid,1
