run_id,regime,day,total_face_value,face_bucket_short,face_bucket_mid,face_bucket_long,total_cash,debt_to_money
balanced_active_c129cdb919ba,active,0,200,80,80,40,11250.00000000000015000000000,0.01777777777777777754074074074
balanced_active_c129cdb919ba,active,1,80,20,60,0,22037.70000000000015000000001,0.003630142891499566626983694589
