DS_t,agent,day
0,big_long,1
0,H1,1
0.008707080663709545,H2,1
0.355511746344669,H5,1
0.6357811729916215,H3,1
0,H4,1
0,big_short,1
0,big_mid,1
