G_t,HHIplus_t,M_t,Mbar_t,Mpeak_t,S_t,alpha_t,day,delta_t,gross_settled_t,n_creditors,n_debtors,notes,phi_t,v_t
3924.0,0.38159535160305896,8250.0,12174,615,14997,0.1882376475295059,1,0.9442555177702208,836,5,3,,0.05574448222977929,1.359349593495935
