run_id,regime,day,total_face_value,face_bucket_short,face_bucket_mid,face_bucket_long,total_cash,debt_to_money
balanced_active_07b2207b1745,active,0,200,80,80,40,20625.00000000000014999999999,0.009696969696969696899173553724
balanced_active_07b2207b1745,active,1,140,40,100,0,27409.35000000000014999999999,0.005107746079348835314731582039
