G_t,HHIplus_t,M_t,Mbar_t,Mpeak_t,S_t,alpha_t,day,delta_t,gross_settled_t,n_creditors,n_debtors,notes,phi_t,v_t
3321,0.04800894320721664,2500,5821,852,9947,0.4147984316879461,1,0.8591535136221976,1401,55,44,,0.14084648637780237,1.6443661971830985
