G_t,HHIplus_t,M_t,Mbar_t,Mpeak_t,S_t,alpha_t,day,delta_t,gross_settled_t,n_creditors,n_debtors,notes,phi_t,v_t
0,0.07922668028818966,10000,1794,393,1794,0,1,0.7809364548494984,393,20,20,,0.21906354515050167,1
0,0.08814675178833858,10000,2596,366,2596,0,3,0.8590138674884438,366,20,20,,0.14098613251155623,1
0,0.08267205688523095,10000,1951,1203,1951,0,5,0.3833931317273193,1203,20,20,,0.6166068682726806,1
0,0.09618192429129817,10000,1819,1155,1819,0,7,0.3650357339197361,1155,20,20,,0.6349642660802639,1
0,0.15076872138531058,10000,1796,936,1796,0,9,0.47884187082405344,936,20,20,,0.5211581291759465,1
