G_t,HHIplus_t,M_t,Mbar_t,Mpeak_t,S_t,alpha_t,day,delta_t,gross_settled_t,n_creditors,n_debtors,notes,phi_t,v_t
0,0.5037634744896895,52250,1095,1095,1095,0,1,0,1095,2,1,,1,1
0,0.7005323316832356,52250,2727,2727,2727,0,2,0,2727,2,1,,1,1
0,0.8524119167953385,52250,6232,6232,6232,0,4,0,6232,2,1,,1,1
0,0.6747405445772596,52250,2446,2446,2446,0,5,0,2446,2,1,,1,1
0,0.67980789755904,52250,2498,2498,2498,0,8,0,2498,2,1,,1,1
