DS_t,agent,day
0.14418266903340327,H1,1
0,H4,1
0,big_short,1
0.8558173309665967,H3,1
0,big_long,1
0,H2,1
0,big_mid,1
0,H5,1
