{
  "dealer_total_pnl": -3.494243363492743,
  "dealer_total_return": -0.0006988486726985486,
  "dealer_profitable": false,
  "dealer_pnl_by_bucket": {
    "short": -2.199520311764985,
    "mid": 1.1043175718022122,
    "long": -2.39904062352997
  },
  "dealer_return_by_bucket": {
    "short": -0.0013197121870589911,
    "mid": 0.0006625905430813273,
    "long": -0.0014394243741179822
  },
  "spread_income_total": 0.08476494068300092,
  "interior_trades": 12,
  "passthrough_trades": 0,
  "mean_trader_return": 0.0,
  "fraction_profitable_traders": 0.0,
  "liquidity_driven_sales": 0,
  "rescue_events": 0,
  "unsafe_buy_count": 0,
  "fraction_unsafe_buys": 0.0,
  "mean_margin_at_default": null,
  "total_trades": 12,
  "total_sell_trades": 12,
  "total_buy_trades": 0
}