{
  "dealer_total_pnl": -2.5445737830851094,
  "dealer_total_return": -0.0005089147566170219,
  "dealer_profitable": false,
  "dealer_pnl_by_bucket": {
    "short": -0.19952031176498514,
    "mid": -0.7468522482553849,
    "long": -1.5982012230647396
  },
  "dealer_return_by_bucket": {
    "short": -0.00011971218705899108,
    "mid": -0.00044811134895323095,
    "long": -0.0009589207338388438
  },
  "spread_income_total": 0.0716712779893001,
  "interior_trades": 14,
  "passthrough_trades": 0,
  "mean_trader_return": 0.0,
  "fraction_profitable_traders": 0.0,
  "liquidity_driven_sales": 0,
  "rescue_events": 0,
  "unsafe_buy_count": 0,
  "fraction_unsafe_buys": 0.0,
  "mean_margin_at_default": null,
  "total_trades": 14,
  "total_sell_trades": 14,
  "total_buy_trades": 0
}