G_t,HHIplus_t,M_t,Mbar_t,Mpeak_t,S_t,alpha_t,day,delta_t,gross_settled_t,n_creditors,n_debtors,notes,phi_t,v_t
0,0.07463065479797423,9826,1819,204,1819,0,1,0.8878504672897196,204,20,20,,0.11214953271028037,1
0,0.06532923943829644,9826,2245,809,2245,0,3,0.6396436525612472,809,20,20,,0.3603563474387528,1
0,0.06392608450013249,9826,2197,1007,2197,0,5,0.541647701411015,1007,20,20,,0.45835229858898496,1
0,0.07917583742856273,9826,1909,1237,1909,0,7,0.3520167627029859,1237,20,20,,0.6479832372970141,1
0,0.06802613306400707,9826,1780,1056,1780,0,9,0.4067415730337079,1056,20,20,,0.5932584269662922,1
