DS_t,agent,day
0,big_long,1
0.8845397048489108,H1,1
0,H2,1
0.043148278285312716,H5,1
0.038018271257905835,H3,1
0.0342937456078707,H4,1
0,big_short,1
0,big_mid,1
