DS_t,agent,day
0,big_long,1
0,H1,1
0.43531378600823045,H2,1
0.5646862139917695,H5,1
0,H3,1
0,H4,1
0,big_short,1
0,big_mid,1
