G_t,HHIplus_t,M_t,Mbar_t,Mpeak_t,S_t,alpha_t,day,delta_t,gross_settled_t,n_creditors,n_debtors,notes,phi_t,v_t
0,0.38801028897688755,14228.0,7002,286,14998,0.5331377517002267,1,0.980930790772103,286,5,3,,0.019069209227897052,1
