{
  "dealer_total_pnl": -1.1480056237466134,
  "dealer_total_return": -0.00011480056237466134,
  "dealer_profitable": false,
  "dealer_pnl_by_bucket": {
    "short": 2.800239898047377,
    "mid": -2.748425449826375,
    "long": -1.1998200719676155
  },
  "dealer_return_by_bucket": {
    "short": 0.0008400719694142131,
    "mid": -0.0008245276349479125,
    "long": -0.00035994602159028467
  },
  "spread_income_total": 0.0019496910698868328,
  "interior_trades": 8,
  "passthrough_trades": 0,
  "mean_trader_return": 0.0,
  "fraction_profitable_traders": 0.0,
  "liquidity_driven_sales": 0,
  "rescue_events": 0,
  "unsafe_buy_count": 0,
  "fraction_unsafe_buys": 0.0,
  "mean_margin_at_default": null,
  "total_trades": 8,
  "total_sell_trades": 8,
  "total_buy_trades": 0
}