G_t,HHIplus_t,M_t,Mbar_t,Mpeak_t,S_t,alpha_t,day,delta_t,gross_settled_t,n_creditors,n_debtors,notes,phi_t,v_t
0,0.03481841189090582,20000,5580,3677,9948,0.4390832328106152,1,0.2679935665460394,7282,47,53,,0.7320064334539605,1.9804188196899646
