DS_t,agent,day
0,big_long,1
0.27506487379098843,H1,1
0,H2,1
0,H5,1
0.23637650389242745,H3,1
0.4885586223165841,H4,1
0,big_short,1
0,big_mid,1
