DS_t,agent,day
0,big_long,1
0.18768046198267566,H1,1
0.20753128007699712,H2,1
0,H5,1
0.10178055822906641,H3,1
0.5030076997112608,H4,1
0,big_short,1
0,big_mid,1
