DS_t,agent,day
0,big_long,1
0.5303556460304155,H1,1
0,H2,1
0.08202610465812478,H5,1
0.06131002275176625,H3,1
0.32630822655969344,H4,1
0,big_short,1
0,big_mid,1
