{
  "dealer_total_pnl": -4.314944156720473,
  "dealer_total_return": -0.006903910650752756,
  "dealer_profitable": false,
  "dealer_pnl_by_bucket": {
    "short": -2.4832968566521196,
    "mid": -0.43927546138072454,
    "long": -1.3923718386876283
  },
  "dealer_return_by_bucket": {
    "short": -0.011919824911930174,
    "mid": -0.002108522214627478,
    "long": -0.006683384825700615
  },
  "spread_income_total": 1.6691903109775963,
  "interior_trades": 20,
  "passthrough_trades": 0,
  "mean_trader_return": 0.0,
  "fraction_profitable_traders": 0.0,
  "liquidity_driven_sales": 0,
  "rescue_events": 0,
  "unsafe_buy_count": 0,
  "fraction_unsafe_buys": 0.0,
  "mean_margin_at_default": null,
  "total_trades": 20,
  "total_sell_trades": 20,
  "total_buy_trades": 0
}