{
  "dealer_total_pnl": -2.490293297088792,
  "dealer_total_return": -0.0009961173188355167,
  "dealer_profitable": false,
  "dealer_pnl_by_bucket": {
    "short": -1.2982031620212813,
    "mid": 2.4043141779177533,
    "long": -3.596404312985264
  },
  "dealer_return_by_bucket": {
    "short": -0.0015578437944255375,
    "mid": 0.002885177013501304,
    "long": -0.004315685175582317
  },
  "spread_income_total": 0.31523171824831536,
  "interior_trades": 20,
  "passthrough_trades": 0,
  "mean_trader_return": 0.0,
  "fraction_profitable_traders": 0.0,
  "liquidity_driven_sales": 0,
  "rescue_events": 0,
  "unsafe_buy_count": 0,
  "fraction_unsafe_buys": 0.0,
  "mean_margin_at_default": null,
  "total_trades": 20,
  "total_sell_trades": 20,
  "total_buy_trades": 0
}