G_t,HHIplus_t,M_t,Mbar_t,Mpeak_t,S_t,alpha_t,day,delta_t,gross_settled_t,n_creditors,n_debtors,notes,phi_t,v_t
0,0.35153019778935934,4059,1986,57,1986,0,1,0.9712990936555891,57,14,14,,0.028700906344410877,1
0,0.22023101440251475,4059,2807,191,2807,0,3,0.9319558247239045,191,13,13,,0.06804417527609548,1
0,0.23156267183387505,4059,2306,107,2306,0,5,0.953599306157849,107,10,10,,0.04640069384215091,1
0,0.21249497491641725,4059,1603,323,1603,0,7,0.7985028072364317,323,16,16,,0.2014971927635683,1
0,0.16922411984602204,4059,1258,56,1258,0,9,0.9554848966613673,56,15,15,,0.04451510333863275,1
