G_t,HHIplus_t,M_t,Mbar_t,Mpeak_t,S_t,alpha_t,day,delta_t,gross_settled_t,n_creditors,n_debtors,notes,phi_t,v_t
0,0.5797599401203005,15000.0,1665,1665,1665,0,1,0,1665,2,1,,1,1
0,0.7060576355214669,15000.0,2793,2293,2793,0,2,0.17901897601145722,2293,2,1,,0.8209810239885428,1
0,0.69967850563709,15000.0,2717,0,2717,0,8,1,0,2,1,,0,
0,0.8165106882210847,15000.0,4893,0,4893,0,9,1,0,2,1,,0,
0,0.7168681208074422,15000.0,2929,0,2929,0,10,1,0,2,1,,0,
