G_t,HHIplus_t,M_t,Mbar_t,Mpeak_t,S_t,alpha_t,day,delta_t,gross_settled_t,n_creditors,n_debtors,notes,phi_t,v_t
0,0.2617101453763081,12493.0,8471,4102,14999,0.43522901526768454,1,0.7265151010067338,4102,6,2,,0.2734848989932662,1
