DS_t,agent,day
0,big_long,1
0,H1,1
0,H2,1
0.613740998701452,H5,1
0.386259001298548,H3,1
0,H4,1
0,big_short,1
0,big_mid,1
