DS_t,agent,day
0,big_long,1
0.39642324888226527,H1,1
0.31689472971142124,H2,1
0,H5,1
0,H3,1
0.2866820214063135,H4,1
0,big_short,1
0,big_mid,1
