G_t,HHIplus_t,M_t,Mbar_t,Mpeak_t,S_t,alpha_t,day,delta_t,gross_settled_t,n_creditors,n_debtors,notes,phi_t,v_t
4346,0.09817270558218627,3455,7801,450,9960,0.21676706827309236,1,0.9515060240963855,483,45,42,,0.048493975903614456,1.0733333333333333
