G_t,HHIplus_t,M_t,Mbar_t,Mpeak_t,S_t,alpha_t,day,delta_t,gross_settled_t,n_creditors,n_debtors,notes,phi_t,v_t
0,0.06261293760749993,52049,12597,1371,14955,0.15767301905717152,1,0.9070544968238048,1390,34,69,,0.09294550317619525,1.013858497447119
