G_t,HHIplus_t,M_t,Mbar_t,Mpeak_t,S_t,alpha_t,day,delta_t,gross_settled_t,n_creditors,n_debtors,notes,phi_t,v_t
0,0.038138628005981445,10000,4096,2695,9952,0.5884244372990354,1,0.4336816720257235,5636,52,48,,0.5663183279742765,2.0912801484230057
