G_t,HHIplus_t,M_t,Mbar_t,Mpeak_t,S_t,alpha_t,day,delta_t,gross_settled_t,n_creditors,n_debtors,notes,phi_t,v_t
0,0.04572559887147367,10000,7503,1217,9961,0.24676237325569722,1,0.8487099688786266,1507,48,43,,0.15129003112137335,1.238290879211175
