run_id,regime,day,total_face_value,face_bucket_short,face_bucket_mid,face_bucket_long,total_cash,debt_to_money
balanced_active_359825571f1f,active,0,200,80,40,80,12374.99999999999970000000000,0.01616161616161616200795837159
balanced_active_359825571f1f,active,1,80,20,40,20,22309.18333333333310000000001,0.003585967213800594859817475009
