{
  "dealer_total_pnl": -1.4949634893165251,
  "dealer_total_return": -0.00029899269786330505,
  "dealer_profitable": false,
  "dealer_pnl_by_bucket": {
    "short": 0.6014389927769842,
    "mid": -0.2992804676474777,
    "long": -1.7971220144460316
  },
  "dealer_return_by_bucket": {
    "short": 0.0003608633956661905,
    "mid": -0.00017956828058848662,
    "long": -0.001078273208667619
  },
  "spread_income_total": 0.13259686192257952,
  "interior_trades": 14,
  "passthrough_trades": 0,
  "mean_trader_return": 0.0005449085429213784,
  "fraction_profitable_traders": 1.0,
  "liquidity_driven_sales": 0,
  "rescue_events": 0,
  "unsafe_buy_count": 0,
  "fraction_unsafe_buys": 0.0,
  "mean_margin_at_default": null,
  "total_trades": 14,
  "total_sell_trades": 13,
  "total_buy_trades": 1
}