DS_t,agent,day
0,big_long,1
0,H1,1
0.291228462743343,H2,1
0.10438576862832849,H5,1
0.6043857686283285,H3,1
0,H4,1
0,big_short,1
0,big_mid,1
