DS_t,agent,day
0,big_long,1
0.31093368817919714,H1,1
0,H2,1
0.6890663118208028,H5,1
0,H3,1
0,H4,1
0,big_short,1
0,big_mid,1
