DS_t,agent,day
0,big_long,1
0.07646374563784412,H1,1
0.11865063978286157,H2,1
0,H5,1
0,H3,1
0.8048856145792943,H4,1
0,big_short,1
0,big_mid,1
