DS_t,agent,day
0,H1,1
0.6723240552161123,H4,1
0,big_short,1
0.07524326770762615,H3,1
0,big_long,1
0.2524326770762616,H2,1
0,big_mid,1
0,H5,1
