{
  "dealer_total_pnl": -3.490293297088792,
  "dealer_total_return": -0.001396117318835517,
  "dealer_profitable": false,
  "dealer_pnl_by_bucket": {
    "short": -2.2982031620212813,
    "mid": 1.404314177917753,
    "long": -2.596404312985264
  },
  "dealer_return_by_bucket": {
    "short": -0.0027578437944255373,
    "mid": 0.0016851770135013037,
    "long": -0.0031156851755823165
  },
  "spread_income_total": 0.2511221584023103,
  "interior_trades": 20,
  "passthrough_trades": 0,
  "mean_trader_return": 0.0,
  "fraction_profitable_traders": 0.0,
  "liquidity_driven_sales": 0,
  "rescue_events": 0,
  "unsafe_buy_count": 0,
  "fraction_unsafe_buys": 0.0,
  "mean_margin_at_default": null,
  "total_trades": 20,
  "total_sell_trades": 20,
  "total_buy_trades": 0
}