DS_t,agent,day
0,big_long,1
0,H1,1
0.10059748811120595,H2,1
0,H5,1
0.07974637239361053,H3,1
0.8196561394951836,H4,1
0,big_short,1
0,big_mid,1
