DS_t,agent,day
0,big_long,1
0,H1,1
0.4381773077425251,H2,1
0,H5,1
0,H3,1
0.5618226922574748,H4,1
0,big_short,1
0,big_mid,1
