DS_t,agent,day
0,big_long,1
0.06066252587991718,H1,1
0,H2,1
0,H5,1
0.9393374741200828,H3,1
0,H4,1
0,big_short,1
0,big_mid,1
