DS_t,agent,day
0,big_long,1
0,H1,1
0.3886861313868613,H2,1
0.6113138686131386,H5,1
0,H3,1
0,H4,1
0,big_short,1
0,big_mid,1
