run_id,regime,day,total_face_value,face_bucket_short,face_bucket_mid,face_bucket_long,total_cash,debt_to_money
balanced_active_0a14e312f62e,active,0,200,80,80,40,21562.49999999999999999999999,0.009275362318840579710144927541
balanced_active_0a14e312f62e,active,1,120,20,100,0,29254.99999999999999999999999,0.004101862929413775423004614597
