G_t,HHIplus_t,M_t,Mbar_t,Mpeak_t,S_t,alpha_t,day,delta_t,gross_settled_t,n_creditors,n_debtors,notes,phi_t,v_t
0,0.23164264318636027,23181.333333333332,4574,13453,14998,0.695026003467129,1,0,14998,5,3,,1,1.11484427265294
