G_t,HHIplus_t,M_t,Mbar_t,Mpeak_t,S_t,alpha_t,day,delta_t,gross_settled_t,n_creditors,n_debtors,notes,phi_t,v_t
0,0.519275751199394,27500.0,10900,18,14998,0.27323643152420324,1,0.9987998399786638,18,5,3,,0.001200160021336178,1
