G_t,HHIplus_t,M_t,Mbar_t,Mpeak_t,S_t,alpha_t,day,delta_t,gross_settled_t,n_creditors,n_debtors,notes,phi_t,v_t
0,0.6224708106834621,14375,13903,1099,14999,0.07307153810254018,1,0.924928328555237,1126,5,3,,0.07507167144476298,1.024567788898999
