DS_t,agent,day
0,big_long,1
0,H1,1
0.03445299575631159,H2,1
0.8520463209379271,H5,1
0.11350068330576135,H3,1
0,H4,1
0,big_short,1
0,big_mid,1
