DS_t,agent,day
0,big_long,1
0.3288103502682234,H1,1
0,H2,1
0.5847270432313032,H5,1
0.08646260650047334,H3,1
0,H4,1
0,big_short,1
0,big_mid,1
