{
  "dealer_total_pnl": -1.5987407914100633,
  "dealer_total_return": -0.0003197481582820127,
  "dealer_profitable": false,
  "dealer_pnl_by_bucket": {
    "short": -1.0998201079208618,
    "mid": 0.7007195323525223,
    "long": -1.1996402158417236
  },
  "dealer_return_by_bucket": {
    "short": -0.0006598920647525171,
    "mid": 0.0004204317194115134,
    "long": -0.0007197841295050342
  },
  "spread_income_total": 0.02504499100179964,
  "interior_trades": 4,
  "passthrough_trades": 0,
  "mean_trader_return": 0.0,
  "fraction_profitable_traders": 0.0,
  "liquidity_driven_sales": 0,
  "rescue_events": 0,
  "unsafe_buy_count": 0,
  "fraction_unsafe_buys": 0.0,
  "mean_margin_at_default": null,
  "total_trades": 4,
  "total_sell_trades": 4,
  "total_buy_trades": 0
}