DS_t,agent,day
0,big_long,1
0,H1,1
0.7552772305094286,H2,1
0.20644525752884885,H5,1
0.03827751196172249,H3,1
0,H4,1
0,big_short,1
0,big_mid,1
