G_t,HHIplus_t,M_t,Mbar_t,Mpeak_t,S_t,alpha_t,day,delta_t,gross_settled_t,n_creditors,n_debtors,notes,phi_t,v_t
0,0.7107601054649116,5125.0,2851,0,2851,0,1,1,0,2,1,,0,
0,0.6644859770595697,5125.0,2345,0,2345,0,3,1,0,2,1,,0,
0,0.6179020813222916,5125.0,1944,0,1944,0,5,1,0,2,1,,0,
0,0.7632851059666078,5125.0,3645,0,3645,0,7,1,0,2,1,,0,
0,0.7907664890887429,5125.0,4212,0,4212,0,9,1,0,2,1,,0,
