DS_t,agent,day
0,big_long,1
0.03571683691692264,H1,1
0.5592542324451747,H2,1
0,H5,1
0,H3,1
0.4050289306379027,H4,1
0,big_short,1
0,big_mid,1
