G_t,HHIplus_t,M_t,Mbar_t,Mpeak_t,S_t,alpha_t,day,delta_t,gross_settled_t,n_creditors,n_debtors,notes,phi_t,v_t
0,0.2269442378516696,18829.333333333332,5431,2235,14996,0.6378367564683916,1,0.8509602560682848,2235,5,3,,0.14903974393171512,1
