DS_t,agent,day
0,big_long,1
0.19683299576505248,H1,1
0.36862456269563615,H2,1
0,H5,1
0,H3,1
0.4345424415393114,H4,1
0,big_short,1
0,big_mid,1
