DS_t,agent,day
0,big_long,1
0.5966507867763823,H1,1
0.13411289158365816,H2,1
0.2608632885809153,H5,1
0,H3,1
0.00837303305904432,H4,1
0,big_short,1
0,big_mid,1
