DS_t,agent,day
0,big_long,1
0,H1,1
0.04249171411574743,H2,1
0.6404351151525453,H5,1
0.04249171411574743,H3,1
0.2745814566159599,H4,1
0,big_short,1
0,big_mid,1
