{
  "dealer_total_pnl": -2.310615108575635,
  "dealer_total_return": -0.003696984173721016,
  "dealer_profitable": false,
  "dealer_pnl_by_bucket": {
    "short": 1.6114376851218957,
    "mid": -3.7249144934013354,
    "long": -0.19713830029619503
  },
  "dealer_return_by_bucket": {
    "short": 0.007734900888585099,
    "mid": -0.01787958956832641,
    "long": -0.0009462638414217361
  },
  "spread_income_total": 1.2989652506244291,
  "interior_trades": 20,
  "passthrough_trades": 0,
  "mean_trader_return": 0.0,
  "fraction_profitable_traders": 0.0,
  "liquidity_driven_sales": 0,
  "rescue_events": 0,
  "unsafe_buy_count": 0,
  "fraction_unsafe_buys": 0.0,
  "mean_margin_at_default": null,
  "total_trades": 20,
  "total_sell_trades": 20,
  "total_buy_trades": 0
}