DS_t,agent,day
0,big_long,1
0.9103956071384001,H1,1
0,H2,1
0,H5,1
0.07088481218020716,H3,1
0.018719580681392737,H4,1
0,big_short,1
0,big_mid,1
