G_t,HHIplus_t,M_t,Mbar_t,Mpeak_t,S_t,alpha_t,day,delta_t,gross_settled_t,n_creditors,n_debtors,notes,phi_t,v_t
0,0.6954547681193747,14500.0,14492,6,14998,0.03373783171089478,1,0.9995999466595547,6,4,4,,0.00040005334044539273,1
