DS_t,agent,day
0,big_long,1
0.3652112007593735,H1,1
0,H2,1
0,H5,1
0.025312450561619997,H3,1
0.6094763486790065,H4,1
0,big_short,1
0,big_mid,1
