G_t,HHIplus_t,M_t,Mbar_t,Mpeak_t,S_t,alpha_t,day,delta_t,gross_settled_t,n_creditors,n_debtors,notes,phi_t,v_t
0,0.6561781211369899,12888.0,2267,0,2267,0,1,1,0,2,1,,0,
0,0.6618608799048752,12888.0,2320,0,2320,0,2,1,0,2,1,,0,
0,0.7642101068407108,12888.0,3662,0,3662,0,8,1,0,2,1,,0,
0,0.7301516733697956,12888.0,3110,0,3110,0,9,1,0,2,1,,0,
0,0.7629569620008456,12888.0,3639,0,3639,0,10,1,0,2,1,,0,
