G_t,HHIplus_t,M_t,Mbar_t,Mpeak_t,S_t,alpha_t,day,delta_t,gross_settled_t,n_creditors,n_debtors,notes,phi_t,v_t
4228,0.09285421444956822,5000,9228,558,9964,0.07386591730228824,1,0.9235246888799679,762,41,50,,0.07647531112003211,1.3655913978494623
