{
  "dealer_total_pnl": -2.644540722435459,
  "dealer_total_return": -0.0042312651558967344,
  "dealer_profitable": false,
  "dealer_pnl_by_bucket": {
    "short": -1.196185919343814,
    "mid": 5.705721120984279,
    "long": -7.154075924075924
  },
  "dealer_return_by_bucket": {
    "short": -0.005741692412850307,
    "mid": 0.027387461380724537,
    "long": -0.034339564435564435
  },
  "spread_income_total": 0.7431324404587574,
  "interior_trades": 20,
  "passthrough_trades": 0,
  "mean_trader_return": 0.0,
  "fraction_profitable_traders": 0.0,
  "liquidity_driven_sales": 0,
  "rescue_events": 0,
  "unsafe_buy_count": 0,
  "fraction_unsafe_buys": 0.0,
  "mean_margin_at_default": null,
  "total_trades": 20,
  "total_sell_trades": 20,
  "total_buy_trades": 0
}