G_t,HHIplus_t,M_t,Mbar_t,Mpeak_t,S_t,alpha_t,day,delta_t,gross_settled_t,n_creditors,n_debtors,notes,phi_t,v_t
0,0.7166376451910862,21967,2926,2926,2926,0,1,0,2926,2,1,,1,1
0,0.7603558514094673,21967,3592,0,3592,0,2,1,0,2,1,,0,
0,0.710039564370969,21967,2842,0,2842,0,4,1,0,2,1,,0,
0,0.7529262149955526,21967,3463,0,3463,0,5,1,0,2,1,,0,
0,0.6459241643546043,21967,2175,0,2175,0,8,1,0,2,1,,0,
