G_t,HHIplus_t,M_t,Mbar_t,Mpeak_t,S_t,alpha_t,day,delta_t,gross_settled_t,n_creditors,n_debtors,notes,phi_t,v_t
0,0.7600198329688268,8250.0,3586,0,3586,0,1,1,0,2,1,,0,
0,0.7258078690882633,8250.0,3049,0,3049,0,2,1,0,2,1,,0,
0,0.8221191471425195,8250.0,5067,0,5067,0,8,1,0,2,1,,0,
0,0.5354643123014756,8250.0,1363,0,1363,0,9,1,0,2,1,,0,
0,0.6163556790075829,8250.0,1932,0,1932,0,10,1,0,2,1,,0,
