DS_t,agent,day
0,big_long,1
0.5612284069097888,H1,1
0,H2,1
0,H5,1
0.07504798464491363,H3,1
0.3637236084452975,H4,1
0,big_short,1
0,big_mid,1
