run_id,regime,day,total_face_value,face_bucket_short,face_bucket_mid,face_bucket_long,total_cash,debt_to_money
balanced_active_073c354e30c6,active,0,200,80,40,80,8437.500000000000299999999999,0.02370370370370370286090534980
balanced_active_073c354e30c6,active,1,80,20,40,20,18572.01666666666689999999999,0.004307555901755418716594426003
