G_t,HHIplus_t,M_t,Mbar_t,Mpeak_t,S_t,alpha_t,day,delta_t,gross_settled_t,n_creditors,n_debtors,notes,phi_t,v_t
0,0.5891683278483467,8500,1731,1231,1731,0,1,0.28885037550548814,1231,2,1,,0.7111496244945118,1
0,0.7738423203250887,8500,3847,0,3847,0,3,1,0,2,1,,0,
0,0.5010909659296929,8500,1049,0,1049,0,5,1,0,2,1,,0,
0,0.8810220213210926,8500,7871,0,7871,0,7,1,0,2,1,,0,
0,1,8500,500,0,500,0,9,1,0,1,1,,0,
