G_t,HHIplus_t,M_t,Mbar_t,Mpeak_t,S_t,alpha_t,day,delta_t,gross_settled_t,n_creditors,n_debtors,notes,phi_t,v_t
0,0.050064141252215366,28386,9854,1,14955,0.341089936476095,1,0.999933132731528,1,41,62,,6.686726847208291e-05,1
