G_t,HHIplus_t,M_t,Mbar_t,Mpeak_t,S_t,alpha_t,day,delta_t,gross_settled_t,n_creditors,n_debtors,notes,phi_t,v_t
0,0.7180152705576559,20788,2944,2944,2944,0,1,0,2944,2,1,,1,1
0,0.7001913353812391,20788,2723,0,2723,0,3,1,0,2,1,,0,
0,0.7899899690931638,20788,4194,0,4194,0,5,1,0,2,1,,0,
0,0.5010909659296929,20788,1049,0,1049,0,7,1,0,2,1,,0,
0,0.7852554744438149,20788,4087,0,4087,0,9,1,0,2,1,,0,
