G_t,HHIplus_t,M_t,Mbar_t,Mpeak_t,S_t,alpha_t,day,delta_t,gross_settled_t,n_creditors,n_debtors,notes,phi_t,v_t
0,0.05988238037886119,51875,7580,1149,14949,0.4929426717506188,1,0.9013980868285504,1474,43,59,,0.09860191317144959,1.2828546562228025
