G_t,HHIplus_t,M_t,Mbar_t,Mpeak_t,S_t,alpha_t,day,delta_t,gross_settled_t,n_creditors,n_debtors,notes,phi_t,v_t
0,0.09044156335213234,27372,2828,1254,2828,0,1,0.5565770862800565,1254,22,20,,0.4434229137199434,1
0,0.06803461964678982,27372,2670,0,2670,0,3,1,0,20,20,,0,
0,0.08108175490336691,27372,2672,0,2672,0,5,1,0,21,20,,0,
0,0.12486857816968935,27372,3614,0,3614,0,7,1,0,22,20,,0,
0,0.08752455106621773,27372,3168,0,3168,0,9,1,0,23,20,,0,
