{
  "dealer_total_pnl": -4.314944156720473,
  "dealer_total_return": -0.006903910650752756,
  "dealer_profitable": false,
  "dealer_pnl_by_bucket": {
    "short": -3.4832968566521196,
    "mid": 1.5607245386192754,
    "long": -2.392371838687628
  },
  "dealer_return_by_bucket": {
    "short": -0.016719824911930175,
    "mid": 0.007491477785372522,
    "long": -0.011483384825700615
  },
  "spread_income_total": 1.7721864560343379,
  "interior_trades": 20,
  "passthrough_trades": 0,
  "mean_trader_return": 0.0,
  "fraction_profitable_traders": 0.0,
  "liquidity_driven_sales": 0,
  "rescue_events": 0,
  "unsafe_buy_count": 0,
  "fraction_unsafe_buys": 0.0,
  "mean_margin_at_default": null,
  "total_trades": 20,
  "total_sell_trades": 20,
  "total_buy_trades": 0
}