G_t,HHIplus_t,M_t,Mbar_t,Mpeak_t,S_t,alpha_t,day,delta_t,gross_settled_t,n_creditors,n_debtors,notes,phi_t,v_t
0,0.0372412944277245,3454,3329,2006,9951,0.6654607577127927,1,0.6806351120490403,3178,50,49,,0.3193648879509597,1.584247258225324
