{
  "dealer_total_pnl": -1.8483354228758258,
  "dealer_total_return": -0.00018483354228758257,
  "dealer_profitable": false,
  "dealer_pnl_by_bucket": {
    "short": 2.0999100989181647,
    "mid": -2.748425449826375,
    "long": -1.1998200719676155
  },
  "dealer_return_by_bucket": {
    "short": 0.0006299730296754494,
    "mid": -0.0008245276349479125,
    "long": -0.00035994602159028467
  },
  "spread_income_total": 0.0242798307238605,
  "interior_trades": 10,
  "passthrough_trades": 0,
  "mean_trader_return": 0.045212769208921366,
  "fraction_profitable_traders": 1.0,
  "liquidity_driven_sales": 0,
  "rescue_events": 0,
  "unsafe_buy_count": 0,
  "fraction_unsafe_buys": 0.0,
  "mean_margin_at_default": null,
  "total_trades": 10,
  "total_sell_trades": 7,
  "total_buy_trades": 3
}