{
  "dealer_total_pnl": -4.190292076680756,
  "dealer_total_return": -0.0016761168306723025,
  "dealer_profitable": false,
  "dealer_pnl_by_bucket": {
    "short": -3.692448483291994,
    "mid": 0.7014375565415931,
    "long": -1.199281149930355
  },
  "dealer_return_by_bucket": {
    "short": -0.004430938179950393,
    "mid": 0.0008417250678499117,
    "long": -0.001439137379916426
  },
  "spread_income_total": 0.22875047199676465,
  "interior_trades": 20,
  "passthrough_trades": 0,
  "mean_trader_return": 0.0,
  "fraction_profitable_traders": 0.0,
  "liquidity_driven_sales": 0,
  "rescue_events": 0,
  "unsafe_buy_count": 0,
  "fraction_unsafe_buys": 0.0,
  "mean_margin_at_default": null,
  "total_trades": 20,
  "total_sell_trades": 20,
  "total_buy_trades": 0
}