{
  "dealer_total_pnl": -1.388853155443886,
  "dealer_total_return": -0.0005555412621775544,
  "dealer_profitable": false,
  "dealer_pnl_by_bucket": {
    "short": -0.29820316202128117,
    "mid": -0.8913688434922498,
    "long": -0.19928114993035512
  },
  "dealer_return_by_bucket": {
    "short": -0.0003578437944255374,
    "mid": -0.0010696426121906998,
    "long": -0.00023913737991642614
  },
  "spread_income_total": 0.28166683939762954,
  "interior_trades": 20,
  "passthrough_trades": 0,
  "mean_trader_return": 0.0,
  "fraction_profitable_traders": 0.0,
  "liquidity_driven_sales": 0,
  "rescue_events": 0,
  "unsafe_buy_count": 0,
  "fraction_unsafe_buys": 0.0,
  "mean_margin_at_default": null,
  "total_trades": 20,
  "total_sell_trades": 20,
  "total_buy_trades": 0
}