G_t,HHIplus_t,M_t,Mbar_t,Mpeak_t,S_t,alpha_t,day,delta_t,gross_settled_t,n_creditors,n_debtors,notes,phi_t,v_t
0,0.7698238828710653,18603.0,3768,3768,3768,0,1,0,3768,2,1,,1,1
0,0.7339582569024855,18603.0,3165,0,3165,0,2,1,0,2,1,,0,
0,0.7377309204063947,18603.0,3221,0,3221,0,8,1,0,2,1,,0,
0,0.6986480160994393,18603.0,2705,0,2705,0,9,1,0,2,1,,0,
0,0.641657354424941,18603.0,2138,0,2138,0,10,1,0,2,1,,0,
