DS_t,agent,day
0,big_long,1
0,H1,1
0.10758725341426403,H2,1
0,H5,1
0.42382397572078906,H3,1
0.4685887708649469,H4,1
0,big_short,1
0,big_mid,1
