G_t,HHIplus_t,M_t,Mbar_t,Mpeak_t,S_t,alpha_t,day,delta_t,gross_settled_t,n_creditors,n_debtors,notes,phi_t,v_t
0,0.7292368618625272,52000.0,3097,3097,3097,0,1,0,3097,2,1,,1,1
0,0.6573708434535477,52000.0,2278,2278,2278,0,3,0,2278,2,1,,1,1
0,0.7087503612447154,52000.0,2826,2826,2826,0,5,0,2826,2,1,,1,1
0,0.7343673811497904,52000.0,3171,3171,3171,0,7,0,3171,2,1,,1,1
0,0.7621878715814506,52000.0,3625,3625,3625,0,9,0,3625,2,1,,1,1
