G_t,HHIplus_t,M_t,Mbar_t,Mpeak_t,S_t,alpha_t,day,delta_t,gross_settled_t,n_creditors,n_debtors,notes,phi_t,v_t
0,0.6994214881867485,8750.0,2714,0,2714,0,1,1,0,2,1,,0,
0,0.7805446711239923,8750.0,3985,0,3985,0,2,1,0,2,1,,0,
0,0.8087936576351856,8750.0,4670,0,4670,0,8,1,0,2,1,,0,
0,0.5487768753315284,8750.0,762,0,762,0,9,1,0,2,1,,0,
0,0.7120329005148491,8750.0,2867,0,2867,0,10,1,0,2,1,,0,
