DS_t,agent,day
0.49740932642487046,H1,1
0.48874053407732165,H4,1
0,big_short,1
0.013850139497807891,H3,1
0,big_long,1
0,H2,1
0,big_mid,1
0,H5,1
