G_t,HHIplus_t,M_t,Mbar_t,Mpeak_t,S_t,alpha_t,day,delta_t,gross_settled_t,n_creditors,n_debtors,notes,phi_t,v_t
0,0.4605260647212499,17911.666666666668,9039,1815,14997,0.39727945589117825,1,0.8789757951590318,1815,5,3,,0.1210242048409682,1
