G_t,HHIplus_t,M_t,Mbar_t,Mpeak_t,S_t,alpha_t,day,delta_t,gross_settled_t,n_creditors,n_debtors,notes,phi_t,v_t
2879,0.030861273214802105,2500,5379,1326,9950,0.4593969849246231,1,0.8202010050251256,1789,52,48,,0.17979899497487437,1.3491704374057316
