G_t,HHIplus_t,M_t,Mbar_t,Mpeak_t,S_t,alpha_t,day,delta_t,gross_settled_t,n_creditors,n_debtors,notes,phi_t,v_t
0,0.04289748623396894,6230,5406,1764,9951,0.4567380162797709,1,0.6567179177972063,3416,51,48,,0.3432820822027937,1.9365079365079365
