G_t,HHIplus_t,M_t,Mbar_t,Mpeak_t,S_t,alpha_t,day,delta_t,gross_settled_t,n_creditors,n_debtors,notes,phi_t,v_t
0,0.7788337130267071,27000.0,3949,3949,3949,0,1,0,3949,2,1,,1,1
0,0.6687157342109498,27000.0,2386,2386,2386,0,2,0,2386,2,1,,1,1
0,0.7492570162241597,27000.0,3402,3402,3402,0,4,0,3402,2,1,,1,1
0,0.7264570173933984,27000.0,3058,3058,3058,0,5,0,3058,2,1,,1,1
0,0.6490981534073641,27000.0,2203,2203,2203,0,8,0,2203,2,1,,1,1
