DS_t,agent,day
0,big_long,1
0.10349162011173184,H1,1
0.5663407821229051,H2,1
0.3255586592178771,H5,1
0,H3,1
0.004608938547486034,H4,1
0,big_short,1
0,big_mid,1
