DS_t,agent,day
0,big_long,1
0,H1,1
0.14993278874987076,H2,1
0.6340605935270396,H5,1
0.13318167717919555,H3,1
0.08282494054389411,H4,1
0,big_short,1
0,big_mid,1
