G_t,HHIplus_t,M_t,Mbar_t,Mpeak_t,S_t,alpha_t,day,delta_t,gross_settled_t,n_creditors,n_debtors,notes,phi_t,v_t
0,0.663020255040847,5375,2331,0,2331,0,1,1,0,2,1,,0,
0,0.518140589569161,5375,840,0,840,0,2,1,0,2,1,,0,
0,0.8189702339740847,5375,4968,0,4968,0,8,1,0,2,1,,0,
320,0.8398237598867204,5375,5695,0,5695,0,9,1,0,2,1,,0,
0,0.5099254850556796,5375,1164,0,1164,0,10,1,0,2,1,,0,
