DS_t,agent,day
0,H1,1
0.2230305180979418,H4,1
0,big_short,1
0,H3,1
0,big_long,1
0.5706174591909156,H2,1
0,big_mid,1
0.20635202271114264,H5,1
