G_t,HHIplus_t,M_t,Mbar_t,Mpeak_t,S_t,alpha_t,day,delta_t,gross_settled_t,n_creditors,n_debtors,notes,phi_t,v_t
0,0.08236929085815295,20000,2279,1591,2279,0,1,0.3018867924528302,1591,20,20,,0.6981132075471698,1
0,0.06775074895404694,20000,1928,1724,1928,0,3,0.10580912863070539,1724,20,20,,0.8941908713692946,1
0,0.07643894574210948,20000,1724,1724,1724,0,5,0,1724,20,20,,1,1
0,0.06119885216282283,20000,1940,1940,1940,0,7,0,1940,20,20,,1,1
0,0.06209557062826467,20000,2076,2076,2076,0,9,0,2076,20,20,,1,1
