DS_t,agent,day
0,big_long,1
0.6400783655191715,H1,1
0.055975370836831795,H2,1
0,H5,1
0.26560313462076685,H3,1
0.038343129023229776,H4,1
0,big_short,1
0,big_mid,1
