{
  "dealer_total_pnl": -2.588973202773549,
  "dealer_total_return": -0.0010355892811094196,
  "dealer_profitable": false,
  "dealer_pnl_by_bucket": {
    "short": -1.1990416289722712,
    "mid": 2.4043141779177533,
    "long": -3.7942457517190307
  },
  "dealer_return_by_bucket": {
    "short": -0.0014388499547667256,
    "mid": 0.002885177013501304,
    "long": -0.004553094902062837
  },
  "spread_income_total": 0.2899500680104061,
  "interior_trades": 19,
  "passthrough_trades": 0,
  "mean_trader_return": 0.0,
  "fraction_profitable_traders": 0.0,
  "liquidity_driven_sales": 0,
  "rescue_events": 0,
  "unsafe_buy_count": 0,
  "fraction_unsafe_buys": 0.0,
  "mean_margin_at_default": null,
  "total_trades": 19,
  "total_sell_trades": 19,
  "total_buy_trades": 0
}