G_t,HHIplus_t,M_t,Mbar_t,Mpeak_t,S_t,alpha_t,day,delta_t,gross_settled_t,n_creditors,n_debtors,notes,phi_t,v_t
0,0.6508908173724366,26556.0,2219,1719,2219,0,1,0.22532672374943669,1719,2,1,,0.7746732762505634,1
0,0.5071785154912728,26556.0,893,0,893,0,2,1,0,2,1,,0,
0,0.8775717337728782,26556.0,7633,0,7633,0,8,1,0,2,1,,0,
0,0.7113978047882028,26556.0,2859,0,2859,0,9,1,0,2,1,,0,
0,0.5397972324961903,26556.0,1393,0,1393,0,10,1,0,2,1,,0,
