G_t,HHIplus_t,M_t,Mbar_t,Mpeak_t,S_t,alpha_t,day,delta_t,gross_settled_t,n_creditors,n_debtors,notes,phi_t,v_t
0,0.719380439426068,17079.333333333332,2962,0,2962,0,1,1,0,2,1,,0,
0,1,17079.333333333332,500,0,500,0,3,1,0,1,1,,0,
0,0.9010053034712205,17079.333333333332,9574,0,9574,0,5,1,0,2,1,,0,
0,0.6754432228487971,17079.333333333332,628,0,628,0,7,1,0,2,1,,0,
0,0.531203130865237,17079.333333333332,1333,0,1333,0,9,1,0,2,1,,0,
