G_t,HHIplus_t,M_t,Mbar_t,Mpeak_t,S_t,alpha_t,day,delta_t,gross_settled_t,n_creditors,n_debtors,notes,phi_t,v_t
0,0.08224253374428739,5000,1940,185,1940,0,1,0.904639175257732,185,20,20,,0.09536082474226804,1
0,0.08167176090635361,5000,2709,157,2709,0,3,0.9420450350682908,157,20,20,,0.05795496493170912,1
0,0.09437868994655699,5000,1254,499,1254,0,5,0.60207336523126,499,20,20,,0.39792663476874,1
0,0.09387003944099957,5000,2283,522,2283,0,7,0.771353482260184,522,20,20,,0.22864651773981604,1
0,0.10297197830578513,5000,1760,460,1760,0,9,0.7386363636363636,460,20,20,,0.26136363636363635,1
