DS_t,agent,day
0,big_long,1
0.05462445685909373,H1,1
0.6451479412373267,H2,1
0,H5,1
0,H3,1
0.30022760190357956,H4,1
0,big_short,1
0,big_mid,1
