G_t,HHIplus_t,M_t,Mbar_t,Mpeak_t,S_t,alpha_t,day,delta_t,gross_settled_t,n_creditors,n_debtors,notes,phi_t,v_t
0,0.7516148203776519,14500.0,3441,0,3441,0,1,1,0,2,1,,0,
0,0.5929545545732106,14500.0,1758,0,1758,0,3,1,0,2,1,,0,
0,0.7214051611792587,14500.0,2989,0,2989,0,5,1,0,2,1,,0,
0,0.6293367300738308,14500.0,2035,0,2035,0,7,1,0,2,1,,0,
0,0.8125398067950024,14500.0,4776,0,4776,0,9,1,0,2,1,,0,
