{
  "dealer_total_pnl": -4.345593039665448,
  "dealer_total_return": -0.0008691186079330896,
  "dealer_profitable": false,
  "dealer_pnl_by_bucket": {
    "short": -3.4979014988369235,
    "mid": 1.5513490827014453,
    "long": -2.39904062352997
  },
  "dealer_return_by_bucket": {
    "short": -0.002098740899302154,
    "mid": 0.0009308094496208672,
    "long": -0.0014394243741179822
  },
  "spread_income_total": 0.09235217860274099,
  "interior_trades": 12,
  "passthrough_trades": 0,
  "mean_trader_return": 0.0,
  "fraction_profitable_traders": 0.0,
  "liquidity_driven_sales": 0,
  "rescue_events": 0,
  "unsafe_buy_count": 0,
  "fraction_unsafe_buys": 0.0,
  "mean_margin_at_default": null,
  "total_trades": 12,
  "total_sell_trades": 12,
  "total_buy_trades": 0
}