{
  "dealer_total_pnl": -3.363746834306045,
  "dealer_total_return": -0.005381994934889672,
  "dealer_profitable": false,
  "dealer_pnl_by_bucket": {
    "short": -2.3885623148781043,
    "mid": 0.41718731925968766,
    "long": -1.3923718386876283
  },
  "dealer_return_by_bucket": {
    "short": -0.011465099111414901,
    "mid": 0.002002499132446501,
    "long": -0.006683384825700615
  },
  "spread_income_total": 0.8439143553284402,
  "interior_trades": 20,
  "passthrough_trades": 0,
  "mean_trader_return": 0.0,
  "fraction_profitable_traders": 0.0,
  "liquidity_driven_sales": 0,
  "rescue_events": 0,
  "unsafe_buy_count": 0,
  "fraction_unsafe_buys": 0.0,
  "mean_margin_at_default": null,
  "total_trades": 20,
  "total_sell_trades": 20,
  "total_buy_trades": 0
}