G_t,HHIplus_t,M_t,Mbar_t,Mpeak_t,S_t,alpha_t,day,delta_t,gross_settled_t,n_creditors,n_debtors,notes,phi_t,v_t
0,0.6410743679403141,26728.0,2133,1633,2133,0,1,0.23441162681669012,1633,2,1,,0.7655883731833099,1
0,0.5500775800808179,26728.0,1463,0,1463,0,2,1,0,2,1,,0,
0,0.509718243517468,26728.0,1162,0,1162,0,4,1,0,2,1,,0,
0,0.8701386507193369,26728.0,7163,0,7163,0,5,1,0,2,1,,0,
0,0.7277466725063032,26728.0,3076,0,3076,0,8,1,0,2,1,,0,
