DS_t,agent,day
0,big_long,1
0.5209580838323353,H1,1
0,H2,1
0,H5,1
0.32199237887860643,H3,1
0.15704953728905824,H4,1
0,big_short,1
0,big_mid,1
