DS_t,agent,day
0,big_long,1
0.8242612752721618,H1,1
0,H2,1
0.06926665869123101,H5,1
0,H3,1
0.10647206603660725,H4,1
0,big_short,1
0,big_mid,1
