run_id,regime,day,total_face_value,face_bucket_short,face_bucket_mid,face_bucket_long,total_cash,debt_to_money
balanced_active_2d6c732353c7,active,0,200,80,80,40,22500.00000000000029999999999,0.008888888888888888770370370374
balanced_active_2d6c732353c7,active,1,120,40,80,0,26227.21666666666689999999999,0.004575399727890810586677073887
