G_t,HHIplus_t,M_t,Mbar_t,Mpeak_t,S_t,alpha_t,day,delta_t,gross_settled_t,n_creditors,n_debtors,notes,phi_t,v_t
0,0.7052325673726926,4375.0,2783,0,2783,0,1,1,0,2,1,,0,
0,0.7911526515839705,4375.0,4221,0,4221,0,2,1,0,2,1,,0,
0,0.7242818676936876,4375.0,3028,0,3028,0,4,1,0,2,1,,0,
0,0.7017202396726456,4375.0,2741,0,2741,0,5,1,0,2,1,,0,
0,0.6514479064230629,4375.0,2224,0,2224,0,8,1,0,2,1,,0,
