{
  "dealer_total_pnl": -0.34968512594332707,
  "dealer_total_return": -3.496851259433271e-05,
  "dealer_profitable": false,
  "dealer_pnl_by_bucket": {
    "short": 1.0,
    "mid": -0.1498650539757116,
    "long": -1.1998200719676155
  },
  "dealer_return_by_bucket": {
    "short": 0.0003,
    "mid": -4.495951619271348e-05,
    "long": -0.00035994602159028467
  },
  "spread_income_total": 0.002174556093279095,
  "interior_trades": 3,
  "passthrough_trades": 0,
  "mean_trader_return": 0.04541732448045338,
  "fraction_profitable_traders": 1.0,
  "liquidity_driven_sales": 0,
  "rescue_events": 0,
  "unsafe_buy_count": 0,
  "fraction_unsafe_buys": 0.0,
  "mean_margin_at_default": null,
  "total_trades": 3,
  "total_sell_trades": 2,
  "total_buy_trades": 1
}