G_t,HHIplus_t,M_t,Mbar_t,Mpeak_t,S_t,alpha_t,day,delta_t,gross_settled_t,n_creditors,n_debtors,notes,phi_t,v_t
0,1,27250,500,500,500,0,1,0,500,1,1,,1,1
0,0.8162766036312769,27250,557,557,557,0,2,0,557,2,1,,1,1
0,0.7877589895253847,27250,4143,4143,4143,0,8,0,4143,2,1,,1,1
0,0.8053465328377916,27250,4576,4576,4576,0,9,0,4576,2,1,,1,1
0,0.8268677815677714,27250,5223,4723,5223,0,10,0.09573042312847023,4723,2,1,,0.9042695768715298,1
