G_t,HHIplus_t,M_t,Mbar_t,Mpeak_t,S_t,alpha_t,day,delta_t,gross_settled_t,n_creditors,n_debtors,notes,phi_t,v_t
0,0.24191192881198223,15623,3796,4489,14998,0.7468995866115482,1,0.7006934257901053,4489,5,3,,0.29930657420989465,1
