DS_t,agent,day
0,big_long,1
0.21628029504741833,H1,1
0,H2,1
0.244204425711275,H5,1
0.5395152792413066,H3,1
0,H4,1
0,big_short,1
0,big_mid,1
