DS_t,agent,day
0,big_long,1
0,H1,1
0.31992197025115826,H2,1
0.595708363813704,H5,1
0,H3,1
0.08436966593513777,H4,1
0,big_short,1
0,big_mid,1
