G_t,HHIplus_t,M_t,Mbar_t,Mpeak_t,S_t,alpha_t,day,delta_t,gross_settled_t,n_creditors,n_debtors,notes,phi_t,v_t
0,0.08046863347336441,12563,1662,1004,1662,0,1,0.39590854392298436,1004,20,20,,0.6040914560770156,1
0,0.06715344416794758,12563,1963,1441,1963,0,3,0.26591951095262356,1441,20,20,,0.7340804890473764,1
0,0.07099450995485722,12563,1718,1550,1718,0,5,0.09778812572759023,1550,20,20,,0.9022118742724098,1
0,0.07275472479304068,12563,2211,1471,2211,0,7,0.33469018543645407,1471,20,20,,0.6653098145635459,1
0,0.10368572216394488,12563,2393,1146,2393,0,9,0.5211032177183452,1146,20,20,,0.47889678228165483,1
