{
  "dealer_total_pnl": -0.9486955667337297,
  "dealer_total_return": -9.486955667337297e-05,
  "dealer_profitable": false,
  "dealer_pnl_by_bucket": {
    "short": -0.2995501979064457,
    "mid": 0.5506747031403314,
    "long": -1.1998200719676155
  },
  "dealer_return_by_bucket": {
    "short": -8.986505937193371e-05,
    "mid": 0.00016520241094209945,
    "long": -0.00035994602159028467
  },
  "spread_income_total": 0.00617876424715057,
  "interior_trades": 8,
  "passthrough_trades": 0,
  "mean_trader_return": 0.0,
  "fraction_profitable_traders": 0.0,
  "liquidity_driven_sales": 0,
  "rescue_events": 0,
  "unsafe_buy_count": 0,
  "fraction_unsafe_buys": 0.0,
  "mean_margin_at_default": null,
  "total_trades": 8,
  "total_sell_trades": 7,
  "total_buy_trades": 1
}