{
  "dealer_total_pnl": -3.1467921523608946,
  "dealer_total_return": -0.000629358430472179,
  "dealer_profitable": false,
  "dealer_pnl_by_bucket": {
    "short": -1.2991006115323698,
    "mid": 0.5513490827014453,
    "long": -2.39904062352997
  },
  "dealer_return_by_bucket": {
    "short": -0.0007794603669194219,
    "mid": 0.0003308094496208672,
    "long": -0.0014394243741179822
  },
  "spread_income_total": 0.05338932213557288,
  "interior_trades": 8,
  "passthrough_trades": 0,
  "mean_trader_return": 0.0,
  "fraction_profitable_traders": 0.0,
  "liquidity_driven_sales": 0,
  "rescue_events": 0,
  "unsafe_buy_count": 0,
  "fraction_unsafe_buys": 0.0,
  "mean_margin_at_default": null,
  "total_trades": 8,
  "total_sell_trades": 8,
  "total_buy_trades": 0
}