DS_t,agent,day
0,big_long,1
0,H1,1
0.3580583583310608,H2,1
0.09462776111262612,H5,1
0.45677665666757566,H3,1
0.09053722388873739,H4,1
0,big_short,1
0,big_mid,1
