G_t,HHIplus_t,M_t,Mbar_t,Mpeak_t,S_t,alpha_t,day,delta_t,gross_settled_t,n_creditors,n_debtors,notes,phi_t,v_t
0,0.07163976093283028,21275,7612,2527,9964,0.2360497792051385,1,0.6507426736250502,3480,44,47,,0.34925732637494983,1.3771270280965573
