DS_t,agent,day
0,big_long,1
0.05487871803314674,H1,1
0.890462078805839,H2,1
0.05465920316101416,H5,1
0,H3,1
0,H4,1
0,big_short,1
0,big_mid,1
