{
  "dealer_total_pnl": -2.4240106396664047,
  "dealer_total_return": -0.0019392085117331235,
  "dealer_profitable": false,
  "dealer_pnl_by_bucket": {
    "short": -1.198084976994481,
    "mid": -1.027362216777921,
    "long": -0.1985634458940025
  },
  "dealer_return_by_bucket": {
    "short": -0.0028754039447867544,
    "mid": -0.0024656693202670106,
    "long": -0.000476552270145606
  },
  "spread_income_total": 0.5949196412101089,
  "interior_trades": 20,
  "passthrough_trades": 0,
  "mean_trader_return": 0.0,
  "fraction_profitable_traders": 0.0,
  "liquidity_driven_sales": 0,
  "rescue_events": 0,
  "unsafe_buy_count": 0,
  "fraction_unsafe_buys": 0.0,
  "mean_margin_at_default": null,
  "total_trades": 20,
  "total_sell_trades": 20,
  "total_buy_trades": 0
}