DS_t,agent,day
0,big_long,1
0,H1,1
0.36500395882818687,H2,1
0,H5,1
0.26524148851939827,H3,1
0.36975455265241486,H4,1
0,big_short,1
0,big_mid,1
