{
  "dealer_total_pnl": -1.4951433454316332,
  "dealer_total_return": -0.0002990286690863266,
  "dealer_profitable": false,
  "dealer_pnl_by_bucket": {
    "short": -0.2991006115323698,
    "mid": 2.402158489165476,
    "long": -3.5982012230647396
  },
  "dealer_return_by_bucket": {
    "short": -0.00017946036691942187,
    "mid": 0.0014412950934992858,
    "long": -0.002158920733838844
  },
  "spread_income_total": 0.05434670550919756,
  "interior_trades": 12,
  "passthrough_trades": 0,
  "mean_trader_return": 0.0,
  "fraction_profitable_traders": 0.0,
  "liquidity_driven_sales": 0,
  "rescue_events": 0,
  "unsafe_buy_count": 0,
  "fraction_unsafe_buys": 0.0,
  "mean_margin_at_default": null,
  "total_trades": 12,
  "total_sell_trades": 12,
  "total_buy_trades": 0
}