G_t,HHIplus_t,M_t,Mbar_t,Mpeak_t,S_t,alpha_t,day,delta_t,gross_settled_t,n_creditors,n_debtors,notes,phi_t,v_t
0,0.49039734772638804,51234.0,13522,12128,14997,0.09835300393412015,1,0.16670000666800028,12497,5,3,,0.8332999933319998,1.0304254617414248
