DS_t,agent,day
0,big_long,1
0.7521076763792338,H1,1
0,H2,1
0.03527584676822955,H5,1
0.2126164768525366,H3,1
0,H4,1
0,big_short,1
0,big_mid,1
