G_t,HHIplus_t,M_t,Mbar_t,Mpeak_t,S_t,alpha_t,day,delta_t,gross_settled_t,n_creditors,n_debtors,notes,phi_t,v_t
0,0.5254040815248989,8750.0,1291,791,1291,0,1,0.3872966692486445,791,2,1,,0.6127033307513555,1
0,0.7281740157941214,8750.0,3082,0,3082,0,2,1,0,2,1,,0,
0,0.6616493496148609,8750.0,2318,0,2318,0,4,1,0,2,1,,0,
0,0.8009599849169778,8750.0,4461,0,4461,0,5,1,0,2,1,,0,
0,0.773792303746232,8750.0,3846,0,3846,0,8,1,0,2,1,,0,
