{
  "dealer_total_pnl": -2.4884937304090635,
  "dealer_total_return": -0.0009953974921636255,
  "dealer_profitable": false,
  "dealer_pnl_by_bucket": {
    "short": 0.8009583710277287,
    "mid": -1.8913688434922498,
    "long": -1.3980832579445426
  },
  "dealer_return_by_bucket": {
    "short": 0.0009611500452332745,
    "mid": -0.0022696426121906997,
    "long": -0.001677699909533451
  },
  "spread_income_total": 0.3733790178895531,
  "interior_trades": 20,
  "passthrough_trades": 0,
  "mean_trader_return": 0.0,
  "fraction_profitable_traders": 0.0,
  "liquidity_driven_sales": 0,
  "rescue_events": 0,
  "unsafe_buy_count": 0,
  "fraction_unsafe_buys": 0.0,
  "mean_margin_at_default": null,
  "total_trades": 20,
  "total_sell_trades": 20,
  "total_buy_trades": 0
}