DS_t,agent,day
0,big_long,1
0.05590572759660181,H1,1
0.7989403489540513,H2,1
0.14515392344934686,H5,1
0,H3,1
0,H4,1
0,big_short,1
0,big_mid,1
