{
  "dealer_total_pnl": -1.5495648803618982,
  "dealer_total_return": -0.00015495648803618981,
  "dealer_profitable": false,
  "dealer_pnl_by_bucket": {
    "short": 1.7987407016347857e-08,
    "mid": 0.8499553055559408,
    "long": -2.399520203905246
  },
  "dealer_return_by_bucket": {
    "short": 5.396222104904357e-12,
    "mid": 0.00025498659166678226,
    "long": -0.0007198560611715738
  },
  "spread_income_total": 0.09388950447320608,
  "interior_trades": 9,
  "passthrough_trades": 0,
  "mean_trader_return": 0.022708666875408515,
  "fraction_profitable_traders": 0.5,
  "liquidity_driven_sales": 0,
  "rescue_events": 0,
  "unsafe_buy_count": 0,
  "fraction_unsafe_buys": 0.0,
  "mean_margin_at_default": null,
  "total_trades": 9,
  "total_sell_trades": 6,
  "total_buy_trades": 3
}