{
  "dealer_total_pnl": -3.330255412894565,
  "dealer_total_return": -0.002664204330315652,
  "dealer_profitable": false,
  "dealer_pnl_by_bucket": {
    "short": -1.3942560783908757,
    "mid": -0.7374358886096865,
    "long": -1.1985634458940024
  },
  "dealer_return_by_bucket": {
    "short": -0.003346214588138102,
    "mid": -0.0017698461326632474,
    "long": -0.002876552270145606
  },
  "spread_income_total": 0.6849382032835271,
  "interior_trades": 20,
  "passthrough_trades": 0,
  "mean_trader_return": 0.0,
  "fraction_profitable_traders": 0.0,
  "liquidity_driven_sales": 0,
  "rescue_events": 0,
  "unsafe_buy_count": 0,
  "fraction_unsafe_buys": 0.0,
  "mean_margin_at_default": null,
  "total_trades": 20,
  "total_sell_trades": 20,
  "total_buy_trades": 0
}