{
  "dealer_total_pnl": -3.390894254138997,
  "dealer_total_return": -0.0013563577016555987,
  "dealer_profitable": false,
  "dealer_pnl_by_bucket": {
    "short": -2.3971251741122073,
    "mid": 1.404314177917753,
    "long": -2.3980832579445424
  },
  "dealer_return_by_bucket": {
    "short": -0.0028765502089346485,
    "mid": 0.0016851770135013037,
    "long": -0.002877699909533451
  },
  "spread_income_total": 0.2708537420863523,
  "interior_trades": 20,
  "passthrough_trades": 0,
  "mean_trader_return": 0.0,
  "fraction_profitable_traders": 0.0,
  "liquidity_driven_sales": 0,
  "rescue_events": 0,
  "unsafe_buy_count": 0,
  "fraction_unsafe_buys": 0.0,
  "mean_margin_at_default": null,
  "total_trades": 20,
  "total_sell_trades": 20,
  "total_buy_trades": 0
}