{
  "dealer_total_pnl": -3.4240106396664047,
  "dealer_total_return": -0.0027392085117331237,
  "dealer_profitable": false,
  "dealer_pnl_by_bucket": {
    "short": -2.198084976994481,
    "mid": -0.027362216777921056,
    "long": -1.1985634458940024
  },
  "dealer_return_by_bucket": {
    "short": -0.005275403944786755,
    "mid": -6.566932026701054e-05,
    "long": -0.002876552270145606
  },
  "spread_income_total": 0.5876765550025226,
  "interior_trades": 20,
  "passthrough_trades": 0,
  "mean_trader_return": 0.0,
  "fraction_profitable_traders": 0.0,
  "liquidity_driven_sales": 0,
  "rescue_events": 0,
  "unsafe_buy_count": 0,
  "fraction_unsafe_buys": 0.0,
  "mean_margin_at_default": null,
  "total_trades": 20,
  "total_sell_trades": 20,
  "total_buy_trades": 0
}