run_id,regime,day,total_face_value,face_bucket_short,face_bucket_mid,face_bucket_long,total_cash,debt_to_money
balanced_active_e5453e6889ef,active,0,200,80,80,40,8062.499999999999999999999999,0.02480620155038759689922480620
balanced_active_e5453e6889ef,active,1,120,20,100,0,11749.00000000000000000000000,0.01021363520299599965954549323
