{
  "dealer_total_pnl": -4.381810149966151,
  "dealer_total_return": -0.0035054481199729213,
  "dealer_profitable": false,
  "dealer_pnl_by_bucket": {
    "short": -3.394256078390876,
    "mid": 1.4086158824136863,
    "long": -2.396169953988962
  },
  "dealer_return_by_bucket": {
    "short": -0.008146214588138101,
    "mid": 0.003380678117792847,
    "long": -0.005750807889573509
  },
  "spread_income_total": 0.4708362149356136,
  "interior_trades": 20,
  "passthrough_trades": 0,
  "mean_trader_return": 0.0,
  "fraction_profitable_traders": 0.0,
  "liquidity_driven_sales": 0,
  "rescue_events": 0,
  "unsafe_buy_count": 0,
  "fraction_unsafe_buys": 0.0,
  "mean_margin_at_default": null,
  "total_trades": 20,
  "total_sell_trades": 20,
  "total_buy_trades": 0
}