G_t,HHIplus_t,M_t,Mbar_t,Mpeak_t,S_t,alpha_t,day,delta_t,gross_settled_t,n_creditors,n_debtors,notes,phi_t,v_t
0,0.0765812530712031,26875,5782,1853,14951,0.6132700153835864,1,0.6181526319309745,5709,43,60,,0.3818473680690255,3.080949811117107
