run_id,regime,day,total_face_value,face_bucket_short,face_bucket_mid,face_bucket_long,total_cash,debt_to_money
balanced_active_02770137011e,active,0,200,80,120,0,7499.999999999999999999999999,0.02666666666666666666666666667
balanced_active_02770137011e,active,1,80,40,40,0,17939.74999999999999999999999,0.004459370949985367689070360515
