G_t,HHIplus_t,M_t,Mbar_t,Mpeak_t,S_t,alpha_t,day,delta_t,gross_settled_t,n_creditors,n_debtors,notes,phi_t,v_t
5301,0.09817270558218627,2500,7801,363,9960,0.21676706827309236,1,0.9595381526104417,403,45,42,,0.040461847389558235,1.1101928374655647
