G_t,HHIplus_t,M_t,Mbar_t,Mpeak_t,S_t,alpha_t,day,delta_t,gross_settled_t,n_creditors,n_debtors,notes,phi_t,v_t
0,0.8932004271982912,26160.0,530,530,530,0,1,0,530,2,1,,1,1
0,0.8087936576351856,26160.0,4670,4670,4670,0,3,0,4670,2,1,,1,1
0,0.5308610803287401,26160.0,801,801,801,0,5,0,801,2,1,,1,1
0,0.8892244849464996,26160.0,8496,0,8496,0,7,1,0,2,1,,0,
0,1,26160.0,500,0,500,0,9,1,0,1,1,,0,
