G_t,HHIplus_t,M_t,Mbar_t,Mpeak_t,S_t,alpha_t,day,delta_t,gross_settled_t,n_creditors,n_debtors,notes,phi_t,v_t
0,0.5017595518529159,27000.0,944,944,944,0,1,0,944,2,1,,1,1
0,0.802967216504169,27000.0,4513,4513,4513,0,3,0,4513,2,1,,1,1
0,0.5011773482008436,27000.0,1051,1051,1051,0,5,0,1051,2,1,,1,1
0,0.523126870398285,27000.0,823,823,823,0,7,0,823,2,1,,1,1
0,0.8780767648218174,27000.0,7667,0,7667,0,9,1,0,2,1,,0,
