DS_t,agent,day
0,big_long,1
0,H1,1
0.17004285157771717,H2,1
0.7808726139462407,H5,1
0,H3,1
0.04908453447604207,H4,1
0,big_short,1
0,big_mid,1
