G_t,HHIplus_t,M_t,Mbar_t,Mpeak_t,S_t,alpha_t,day,delta_t,gross_settled_t,n_creditors,n_debtors,notes,phi_t,v_t
0,0.8427196197220417,52000.0,5811,5811,5811,0,1,0,5811,2,1,,1,1
0,0.7451049587649953,52000.0,3335,3335,3335,0,3,0,3335,2,1,,1,1
0,0.806177535023084,52000.0,561,561,561,0,5,0,561,2,1,,1,1
0,0.7454764218612615,52000.0,588,588,588,0,7,0,588,2,1,,1,1
0,0.8099755726153053,52000.0,4703,4703,4703,0,9,0,4703,2,1,,1,1
