run_id,regime,day,total_face_value,face_bucket_short,face_bucket_mid,face_bucket_long,total_cash,debt_to_money
balanced_active_82c638c29d42,active,0,200,80,80,40,7499.999999999999999999999999,0.02666666666666666666666666667
balanced_active_82c638c29d42,active,1,120,40,80,0,17587.64999999999999999999999,0.006822969526912350427714902222
