DS_t,agent,day
0.4130376703179268,H1,1
0,H4,1
0,big_short,1
0.22628907293614747,H3,1
0,big_long,1
0.29708789740849584,H2,1
0,big_mid,1
0.06358535933742987,H5,1
