DS_t,agent,day
0,big_long,1
0.3413541320942582,H1,1
0.20876203119814138,H2,1
0,H5,1
0,H3,1
0.4498838367076004,H4,1
0,big_short,1
0,big_mid,1
