{
  "dealer_total_pnl": -4.440834230129393,
  "dealer_total_return": -0.0017763336920517572,
  "dealer_profitable": false,
  "dealer_pnl_by_bucket": {
    "short": -3.3971251741122073,
    "mid": 2.5526952569680783,
    "long": -3.596404312985264
  },
  "dealer_return_by_bucket": {
    "short": -0.004076550208934649,
    "mid": 0.003063234308361694,
    "long": -0.004315685175582317
  },
  "spread_income_total": 0.29789449048780975,
  "interior_trades": 20,
  "passthrough_trades": 0,
  "mean_trader_return": 0.0,
  "fraction_profitable_traders": 0.0,
  "liquidity_driven_sales": 0,
  "rescue_events": 0,
  "unsafe_buy_count": 0,
  "fraction_unsafe_buys": 0.0,
  "mean_margin_at_default": null,
  "total_trades": 20,
  "total_sell_trades": 20,
  "total_buy_trades": 0
}