G_t,HHIplus_t,M_t,Mbar_t,Mpeak_t,S_t,alpha_t,day,delta_t,gross_settled_t,n_creditors,n_debtors,notes,phi_t,v_t
0,0.655476946070011,52160,642,642,642,0,1,0,642,2,1,,1,1
0,0.5016292031877853,52160,946,946,946,0,2,0,946,2,1,,1,1
0,0.9226365439817421,52160,12405,0,12405,0,4,1,0,2,1,,0,
0,1,52160,500,0,500,0,5,1,0,1,1,,0,
0,0.9842529604434367,52160,504,0,504,0,8,1,0,2,1,,0,
