{
  "dealer_total_pnl": -3.2082113500534555,
  "dealer_total_return": -0.005133138160085529,
  "dealer_profitable": false,
  "dealer_pnl_by_bucket": {
    "short": -2.4832968566521196,
    "mid": -0.7249144934013355,
    "long": 0.0
  },
  "dealer_return_by_bucket": {
    "short": -0.011919824911930174,
    "mid": -0.0034795895683264106,
    "long": 0.0
  },
  "spread_income_total": 2.1554340310441598,
  "interior_trades": 21,
  "passthrough_trades": 0,
  "mean_trader_return": -4.28830258263023e-06,
  "fraction_profitable_traders": 0.0,
  "liquidity_driven_sales": 0,
  "rescue_events": 0,
  "unsafe_buy_count": 0,
  "fraction_unsafe_buys": 0.0,
  "mean_margin_at_default": null,
  "total_trades": 21,
  "total_sell_trades": 20,
  "total_buy_trades": 1
}