DS_t,agent,day
0,big_long,1
0,H1,1
0.40156695156695155,H2,1
0.5984330484330485,H5,1
0,H3,1
0,H4,1
0,big_short,1
0,big_mid,1
