G_t,HHIplus_t,M_t,Mbar_t,Mpeak_t,S_t,alpha_t,day,delta_t,gross_settled_t,n_creditors,n_debtors,notes,phi_t,v_t
944,0.045721516171711794,6015,6959,1519,9950,0.3006030150753769,1,0.8121608040201005,1869,55,44,,0.1878391959798995,1.2304147465437787
