DS_t,agent,day
0,big_long,1
0,H1,1
0.38981892722924494,H2,1
0,H5,1
0.039289374786470786,H3,1
0.5708916979842843,H4,1
0,big_short,1
0,big_mid,1
