G_t,HHIplus_t,M_t,Mbar_t,Mpeak_t,S_t,alpha_t,day,delta_t,gross_settled_t,n_creditors,n_debtors,notes,phi_t,v_t
0,0.5228108210010368,29667,824,824,824,0,1,0,824,2,1,,1,1
0,0.5955954421674564,29667,1777,0,1777,0,3,1,0,2,1,,0,
0,0.8032343958023338,29667,4520,0,4520,0,5,1,0,2,1,,0,
0,0.8687661006767777,29667,7082,0,7082,0,7,1,0,2,1,,0,
0,0.5336560729399971,29667,794,0,794,0,9,1,0,2,1,,0,
