DS_t,agent,day
0,big_long,1
0.017161716171617162,H1,1
0,H2,1
0.4391089108910891,H5,1
0.5437293729372937,H3,1
0,H4,1
0,big_short,1
0,big_mid,1
