DS_t,agent,day
0,big_long,1
0.7128412537917088,H1,1
0,H2,1
0.17621104880963323,H5,1
0.017740601158194688,H3,1
0.09320709624046328,H4,1
0,big_short,1
0,big_mid,1
