{
  "dealer_total_pnl": -2.444993483317725,
  "dealer_total_return": -0.000488998696663545,
  "dealer_profitable": false,
  "dealer_pnl_by_bucket": {
    "short": 0.7008993884676302,
    "mid": -2.7468522482553848,
    "long": -0.3990406235299703
  },
  "dealer_return_by_bucket": {
    "short": 0.00042053963308057813,
    "mid": -0.001648111348953231,
    "long": -0.00023942437411798216
  },
  "spread_income_total": 0.06507807813437312,
  "interior_trades": 12,
  "passthrough_trades": 0,
  "mean_trader_return": 0.0,
  "fraction_profitable_traders": 0.0,
  "liquidity_driven_sales": 0,
  "rescue_events": 0,
  "unsafe_buy_count": 0,
  "fraction_unsafe_buys": 0.0,
  "mean_margin_at_default": null,
  "total_trades": 12,
  "total_sell_trades": 12,
  "total_buy_trades": 0
}