{
  "dealer_total_pnl": -1.5283403898890457,
  "dealer_total_return": -0.0012226723119112366,
  "dealer_profitable": false,
  "dealer_pnl_by_bucket": {
    "short": -0.19808497699448097,
    "mid": 2.2625641113903137,
    "long": -3.592819524284878
  },
  "dealer_return_by_bucket": {
    "short": -0.0004754039447867543,
    "mid": 0.005430153867336753,
    "long": -0.008622766858283708
  },
  "spread_income_total": 0.8545560194568534,
  "interior_trades": 21,
  "passthrough_trades": 0,
  "mean_trader_return": 0.0008702247331867984,
  "fraction_profitable_traders": 1.0,
  "liquidity_driven_sales": 0,
  "rescue_events": 0,
  "unsafe_buy_count": 0,
  "fraction_unsafe_buys": 0.0,
  "mean_margin_at_default": null,
  "total_trades": 21,
  "total_sell_trades": 20,
  "total_buy_trades": 1
}