DS_t,agent,day
0,big_long,1
0.4963495190636227,H1,1
0,H2,1
0,H5,1
0.2747711206397033,H3,1
0.228879360296674,H4,1
0,big_short,1
0,big_mid,1
