DS_t,agent,day
0,big_long,1
0.038780848402138066,H1,1
0.05720459456385761,H2,1
0,H5,1
0.668941203229842,H3,1
0.2350733538041624,H4,1
0,big_short,1
0,big_mid,1
