{
  "dealer_total_pnl": -3.4806134040136314,
  "dealer_total_return": -0.002784490723210905,
  "dealer_profitable": false,
  "dealer_pnl_by_bucket": {
    "short": -2.296409762142439,
    "mid": 2.4086158824136863,
    "long": -3.592819524284878
  },
  "dealer_return_by_bucket": {
    "short": -0.005511383429141854,
    "mid": 0.005780678117792847,
    "long": -0.008622766858283708
  },
  "spread_income_total": 0.667164285109936,
  "interior_trades": 20,
  "passthrough_trades": 0,
  "mean_trader_return": 0.0,
  "fraction_profitable_traders": 0.0,
  "liquidity_driven_sales": 0,
  "rescue_events": 0,
  "unsafe_buy_count": 0,
  "fraction_unsafe_buys": 0.0,
  "mean_margin_at_default": null,
  "total_trades": 20,
  "total_sell_trades": 20,
  "total_buy_trades": 0
}