DS_t,agent,day
0,big_long,1
0.4160111646790155,H1,1
0,H2,1
0.16873889875666073,H5,1
0.4152499365643238,H3,1
0,H4,1
0,big_short,1
0,big_mid,1
