DS_t,agent,day
0.0975170924793091,H1,1
0.11263044260525369,H4,1
0,big_short,1
0,H3,1
0,big_long,1
0.025548758546239655,H2,1
0,big_mid,1
0.7643037063691975,H5,1
