G_t,HHIplus_t,M_t,Mbar_t,Mpeak_t,S_t,alpha_t,day,delta_t,gross_settled_t,n_creditors,n_debtors,notes,phi_t,v_t
0,0.03429954531887503,2500,2329,2373,9950,0.765929648241206,1,0.5393969849246231,4583,49,50,,0.4606030150753769,1.9313105773282764
