DS_t,agent,day
0,big_long,1
0.1941444684425246,H1,1
0,H2,1
0.6123110151187905,H5,1
0.09479241660667147,H3,1
0.09875209983201344,H4,1
0,big_short,1
0,big_mid,1
