G_t,HHIplus_t,M_t,Mbar_t,Mpeak_t,S_t,alpha_t,day,delta_t,gross_settled_t,n_creditors,n_debtors,notes,phi_t,v_t
0,0.5224284145101366,31828,8334,13681,14998,0.44432591012134953,1,0.03333777837044939,14498,4,4,,0.9666622216295506,1.0597178568818069
