{
  "dealer_total_pnl": -1.5091774015458226,
  "dealer_total_return": -0.0024146838424733163,
  "dealer_profitable": false,
  "dealer_pnl_by_bucket": {
    "short": -0.2928503075871497,
    "mid": 3.5607245386192754,
    "long": -4.777051632577948
  },
  "dealer_return_by_bucket": {
    "short": -0.0014056814764183186,
    "mid": 0.01709147778537252,
    "long": -0.022929847836374154
  },
  "spread_income_total": 1.2774457729460211,
  "interior_trades": 21,
  "passthrough_trades": 0,
  "mean_trader_return": 0.0008714450200285009,
  "fraction_profitable_traders": 1.0,
  "liquidity_driven_sales": 0,
  "rescue_events": 0,
  "unsafe_buy_count": 0,
  "fraction_unsafe_buys": 0.0,
  "mean_margin_at_default": null,
  "total_trades": 21,
  "total_sell_trades": 20,
  "total_buy_trades": 1
}