{
  "dealer_total_pnl": -2.5391531308598916,
  "dealer_total_return": -0.0010156612523439567,
  "dealer_profitable": false,
  "dealer_pnl_by_bucket": {
    "short": -1.1990416289722712,
    "mid": 2.256292811097644,
    "long": -3.596404312985264
  },
  "dealer_return_by_bucket": {
    "short": -0.0014388499547667256,
    "mid": 0.0027075513733171726,
    "long": -0.004315685175582317
  },
  "spread_income_total": 0.3216589950448623,
  "interior_trades": 20,
  "passthrough_trades": 0,
  "mean_trader_return": 0.0,
  "fraction_profitable_traders": 0.0,
  "liquidity_driven_sales": 0,
  "rescue_events": 0,
  "unsafe_buy_count": 0,
  "fraction_unsafe_buys": 0.0,
  "mean_margin_at_default": null,
  "total_trades": 20,
  "total_sell_trades": 20,
  "total_buy_trades": 0
}