DS_t,agent,day
0,big_long,1
0.8883826879271071,H1,1
0,H2,1
0.04371824075696513,H5,1
0,H3,1
0.0678990713159278,H4,1
0,big_short,1
0,big_mid,1
