run_id,regime,day,total_face_value,face_bucket_short,face_bucket_mid,face_bucket_long,total_cash,debt_to_money
balanced_active_020c21402a28,active,0,200,80,40,80,6562.500000000000149999999999,0.03047619047619047549387755103
balanced_active_020c21402a28,active,1,80,20,40,20,17175.25000000000014999999999,0.004657865242136213405995267244
