DS_t,agent,day
0,big_long,1
0.49117267116405916,H1,1
0,H2,1
0,H5,1
0.5088273288359408,H3,1
0,H4,1
0,big_short,1
0,big_mid,1
