{
  "dealer_total_pnl": -2.839953915432637,
  "dealer_total_return": -0.0005679907830865275,
  "dealer_profitable": false,
  "dealer_pnl_by_bucket": {
    "short": -0.09982010792086186,
    "mid": -0.34109318398180505,
    "long": -2.39904062352997
  },
  "dealer_return_by_bucket": {
    "short": -5.9892064752517125e-05,
    "mid": -0.00020465591038908303,
    "long": -0.0014394243741179822
  },
  "spread_income_total": 0.02973264290719287,
  "interior_trades": 12,
  "passthrough_trades": 0,
  "mean_trader_return": 0.0,
  "fraction_profitable_traders": 0.0,
  "liquidity_driven_sales": 0,
  "rescue_events": 0,
  "unsafe_buy_count": 0,
  "fraction_unsafe_buys": 0.0,
  "mean_margin_at_default": null,
  "total_trades": 12,
  "total_sell_trades": 12,
  "total_buy_trades": 0
}