{
  "dealer_total_pnl": -2.7987403374356172,
  "dealer_total_return": -0.00027987403374356176,
  "dealer_profitable": false,
  "dealer_pnl_by_bucket": {
    "short": 0.800180026909204,
    "mid": -3.5989203643448215,
    "long": 0.0
  },
  "dealer_return_by_bucket": {
    "short": 0.0002400540080727612,
    "mid": -0.0010796761093034464,
    "long": 0.0
  },
  "spread_income_total": 0.010557222888255932,
  "interior_trades": 9,
  "passthrough_trades": 0,
  "mean_trader_return": 5.444165925605614e-05,
  "fraction_profitable_traders": 1.0,
  "liquidity_driven_sales": 0,
  "rescue_events": 0,
  "unsafe_buy_count": 0,
  "fraction_unsafe_buys": 0.0,
  "mean_margin_at_default": null,
  "total_trades": 9,
  "total_sell_trades": 7,
  "total_buy_trades": 2
}