DS_t,agent,day
0,big_long,1
0.03956124314442413,H1,1
0.9153199268738574,H2,1
0.036855575868372945,H5,1
0,H3,1
0.008263254113345522,H4,1
0,big_short,1
0,big_mid,1
