{
  "dealer_total_pnl": -9.941694209096177,
  "dealer_total_return": -0.0019883388418192355,
  "dealer_profitable": false,
  "dealer_pnl_by_bucket": {
    "short": -5.796159433937777,
    "mid": -1.7464941516284302,
    "long": -2.39904062352997
  },
  "dealer_return_by_bucket": {
    "short": -0.003477695660362666,
    "mid": -0.001047896490977058,
    "long": -0.0014394243741179822
  },
  "spread_income_total": 0.1218015109871451,
  "interior_trades": 15,
  "passthrough_trades": 0,
  "mean_trader_return": 0.0,
  "fraction_profitable_traders": 0.0,
  "liquidity_driven_sales": 0,
  "rescue_events": 0,
  "unsafe_buy_count": 0,
  "fraction_unsafe_buys": 0.0,
  "mean_margin_at_default": null,
  "total_trades": 15,
  "total_sell_trades": 15,
  "total_buy_trades": 0
}