run_id,regime,day,total_face_value,face_bucket_short,face_bucket_mid,face_bucket_long,total_cash,debt_to_money
balanced_active_4809d2e10348,active,0,200,80,80,40,11250.00000000000015000000000,0.01777777777777777754074074074
balanced_active_4809d2e10348,active,1,120,40,80,0,16379.50000000000015000000001,0.007326230959430995995058784213
