G_t,HHIplus_t,M_t,Mbar_t,Mpeak_t,S_t,alpha_t,day,delta_t,gross_settled_t,n_creditors,n_debtors,notes,phi_t,v_t
0,0.0391720776909166,10000,3672,2687,9948,0.6308805790108565,1,0.3358464012866908,6607,58,41,,0.6641535987133093,2.4588760699665055
