{
  "dealer_total_pnl": -2.343433255665362,
  "dealer_total_return": -0.0004686866511330724,
  "dealer_profitable": false,
  "dealer_pnl_by_bucket": {
    "short": -1.2991006115323698,
    "mid": -1.044332644132992,
    "long": 0.0
  },
  "dealer_return_by_bucket": {
    "short": -0.0007794603669194219,
    "mid": -0.0006265995864797952,
    "long": 0.0
  },
  "spread_income_total": 0.06491445408397312,
  "interior_trades": 12,
  "passthrough_trades": 0,
  "mean_trader_return": 9.807120771697009e-08,
  "fraction_profitable_traders": 1.0,
  "liquidity_driven_sales": 0,
  "rescue_events": 0,
  "unsafe_buy_count": 0,
  "fraction_unsafe_buys": 0.0,
  "mean_margin_at_default": null,
  "total_trades": 12,
  "total_sell_trades": 11,
  "total_buy_trades": 1
}