DS_t,agent,day
0,big_long,1
0.6374618945466862,H1,1
0,H2,1
0.07225922998758044,H5,1
0.29027887546573333,H3,1
0,H4,1
0,big_short,1
0,big_mid,1
