G_t,HHIplus_t,M_t,Mbar_t,Mpeak_t,S_t,alpha_t,day,delta_t,gross_settled_t,n_creditors,n_debtors,notes,phi_t,v_t
0,0.6228659694137435,27000.0,1983,1983,1983,0,1,0,1983,2,1,,1,1
0,0.706105192770727,27000.0,609,609,609,0,2,0,609,2,1,,1,1
0,0.6119258139842172,27000.0,1898,1898,1898,0,8,0,1898,2,1,,1,1
0,0.7820440622995783,27000.0,4017,4017,4017,0,9,0,4017,2,1,,1,1
0,0.8577675258301322,27000.0,6489,5989,6489,0,10,0.07705347511172754,5989,2,1,,0.9229465248882724,1
