DS_t,agent,day
0.12712623097582812,H1,1
0.3040510295434199,H4,1
0,big_short,1
0,H3,1
0,big_long,1
0.568822739480752,H2,1
0,big_mid,1
0,H5,1
