DS_t,agent,day
0,big_long,1
0,H1,1
0,H2,1
0.33920805676356147,H5,1
0.4351110093842985,H3,1
0.22568093385214008,H4,1
0,big_short,1
0,big_mid,1
