G_t,HHIplus_t,M_t,Mbar_t,Mpeak_t,S_t,alpha_t,day,delta_t,gross_settled_t,n_creditors,n_debtors,notes,phi_t,v_t
0,0.24517086795317788,18746.0,4369,3046,14997,0.7086750683470028,1,0.7968927118757084,3046,5,3,,0.20310728812429152,1
