DS_t,agent,day
0,big_long,1
0.47312619643646003,H1,1
0,H2,1
0.09586217051980563,H5,1
0.43101163304373435,H3,1
0,H4,1
0,big_short,1
0,big_mid,1
