{
  "dealer_total_pnl": -3.263247837688627,
  "dealer_total_return": -0.005221196540301803,
  "dealer_profitable": false,
  "dealer_pnl_by_bucket": {
    "short": -2.4832968566521196,
    "mid": 0.41718731925968766,
    "long": -1.197138300296195
  },
  "dealer_return_by_bucket": {
    "short": -0.011919824911930174,
    "mid": 0.002002499132446501,
    "long": -0.005746263841421736
  },
  "spread_income_total": 1.3050015119652958,
  "interior_trades": 20,
  "passthrough_trades": 0,
  "mean_trader_return": 0.0,
  "fraction_profitable_traders": 0.0,
  "liquidity_driven_sales": 0,
  "rescue_events": 0,
  "unsafe_buy_count": 0,
  "fraction_unsafe_buys": 0.0,
  "mean_margin_at_default": null,
  "total_trades": 20,
  "total_sell_trades": 20,
  "total_buy_trades": 0
}