DS_t,agent,day
0,big_long,1
0.16250194009002017,H1,1
0,H2,1
0,H5,1
0.1410833462672668,H3,1
0.696414713642713,H4,1
0,big_short,1
0,big_mid,1
