DS_t,agent,day
0,big_long,1
0,H1,1
0.029513888888888888,H2,1
0.28780864197530864,H5,1
0.6826774691358025,H3,1
0,H4,1
0,big_short,1
0,big_mid,1
