G_t,HHIplus_t,M_t,Mbar_t,Mpeak_t,S_t,alpha_t,day,delta_t,gross_settled_t,n_creditors,n_debtors,notes,phi_t,v_t
0,0.23599062226127876,13750.0,5184,1690,14997,0.6543308661732347,1,0.7977595519103821,3033,5,3,,0.2022404480896179,1.7946745562130177
