{
  "dealer_total_pnl": -2.197390751210775,
  "dealer_total_return": -0.00021973907512107748,
  "dealer_profitable": false,
  "dealer_pnl_by_bucket": {
    "short": -0.2995501979064457,
    "mid": -1.8978405533043292,
    "long": 0.0
  },
  "dealer_return_by_bucket": {
    "short": -8.986505937193371e-05,
    "mid": -0.0005693521659912988,
    "long": 0.0
  },
  "spread_income_total": 0.08355143552747596,
  "interior_trades": 10,
  "passthrough_trades": 0,
  "mean_trader_return": -1.6355308879698712e-08,
  "fraction_profitable_traders": 0.0,
  "liquidity_driven_sales": 0,
  "rescue_events": 0,
  "unsafe_buy_count": 0,
  "fraction_unsafe_buys": 0.0,
  "mean_margin_at_default": null,
  "total_trades": 10,
  "total_sell_trades": 9,
  "total_buy_trades": 1
}