DS_t,agent,day
0.4025896175518523,H1,1
0.5902170003596691,H4,1
0,big_short,1
0.007193382088478599,H3,1
0,big_long,1
0,H2,1
0,big_mid,1
0,H5,1
