G_t,HHIplus_t,M_t,Mbar_t,Mpeak_t,S_t,alpha_t,day,delta_t,gross_settled_t,n_creditors,n_debtors,notes,phi_t,v_t
0,0.502026960681171,5375,1068,568,1068,0,1,0.4681647940074906,568,2,1,,0.5318352059925093,1
0,0.720583585650039,5375,2978,0,2978,0,2,1,0,2,1,,0,
0,0.8259441454317535,5375,5192,0,5192,0,8,1,0,2,1,,0,
0,0.7379301639687456,5375,3224,0,3224,0,9,1,0,2,1,,0,
0,0.6834230612305825,5375,2536,0,2536,0,10,1,0,2,1,,0,
