DS_t,agent,day
0,big_long,1
0,H1,1
0,H2,1
0.726699116639625,H5,1
0.273300883360375,H3,1
0,H4,1
0,big_short,1
0,big_mid,1
