G_t,HHIplus_t,M_t,Mbar_t,Mpeak_t,S_t,alpha_t,day,delta_t,gross_settled_t,n_creditors,n_debtors,notes,phi_t,v_t
1959,0.045721516171711794,5000,6959,1453,9950,0.3006030150753769,1,0.8121608040201005,1869,55,44,,0.1878391959798995,1.2863041982105987
