DS_t,agent,day
0,H1,1
0,H4,1
0,big_short,1
0.6986977997305792,H3,1
0,big_long,1
0.05208801077682981,H2,1
0,big_mid,1
0.24921418949259094,H5,1
