run_id,regime,day,total_face_value,face_bucket_short,face_bucket_mid,face_bucket_long,total_cash,debt_to_money
balanced_active_d3b3c3bba9dd,active,0,200,80,80,40,7499.999999999999999999999999,0.02666666666666666666666666667
balanced_active_d3b3c3bba9dd,active,1,80,20,60,0,17756.79999999999999999999999,0.004505316273202378806992250859
