DS_t,agent,day
0,big_long,1
0,H1,1
0.26300802485115193,H2,1
0,H5,1
0,H3,1
0.7369919751488481,H4,1
0,big_short,1
0,big_mid,1
