{
  "dealer_total_pnl": -2.310615108575635,
  "dealer_total_return": -0.003696984173721016,
  "dealer_profitable": false,
  "dealer_pnl_by_bucket": {
    "short": -0.38856231487810433,
    "mid": -0.7249144934013355,
    "long": -1.197138300296195
  },
  "dealer_return_by_bucket": {
    "short": -0.0018650991114149008,
    "mid": -0.0034795895683264106,
    "long": -0.005746263841421736
  },
  "spread_income_total": 1.2589565230726558,
  "interior_trades": 20,
  "passthrough_trades": 0,
  "mean_trader_return": 0.0,
  "fraction_profitable_traders": 0.0,
  "liquidity_driven_sales": 0,
  "rescue_events": 0,
  "unsafe_buy_count": 0,
  "fraction_unsafe_buys": 0.0,
  "mean_margin_at_default": null,
  "total_trades": 20,
  "total_sell_trades": 20,
  "total_buy_trades": 0
}