G_t,HHIplus_t,M_t,Mbar_t,Mpeak_t,S_t,alpha_t,day,delta_t,gross_settled_t,n_creditors,n_debtors,notes,phi_t,v_t
0,0.6414366713120127,26250.0,13918,919,14998,0.07200960128017068,1,0.936058141085478,959,5,3,,0.06394185891452193,1.043525571273123
