DS_t,agent,day
0,big_long,1
0,H1,1
0.10195430377927864,H2,1
0.8649949705417445,H5,1
0,H3,1
0.033050725678976864,H4,1
0,big_short,1
0,big_mid,1
