DS_t,agent,day
0,big_long,1
0.05301497369486038,H1,1
0.0868069607446378,H2,1
0,H5,1
0.4376770538243626,H3,1
0.42250101173613924,H4,1
0,big_short,1
0,big_mid,1
