G_t,HHIplus_t,M_t,Mbar_t,Mpeak_t,S_t,alpha_t,day,delta_t,gross_settled_t,n_creditors,n_debtors,notes,phi_t,v_t
4509,0.5811387817009974,5375,9884,382,14998,0.34097879717295637,1,0.9729297239631951,406,4,4,,0.027070276036804907,1.0628272251308901
